SKU,Name,Category,Allowed Provinces,Allowed Countries,Kit Only,Hidden,Archived,Inner Carton Qty,Master Case Qty,MSRP,Store Price,Canco Price,Distributor Price,Inventory Lion - Warehouse YYC,Inventory Lion Imports USA Inc.,Inventory Lion USA - Broadrange Logistics,Inventory Lion USA - Gunship 3PL Utah,Inventory Lion USA - Warehouse Ferndale WA,Inventory Zaks - Edmonton Warehouse,Inventory Zaks - Main Warehouse YYC
00270,ZAKS 3.5oz Landjaeger - Original,Meat,,US,FALSE,FALSE,FALSE,,,0,5.84,,,0,0,0,0,861,0,0
00271,ZAKS 3.5oz Landjaeger - Hot,Meat,,US,FALSE,FALSE,FALSE,,,0,5.84,,,0,0,0,0,775,0,0
00273,ZAKS 3.5oz Landjaeger - Garlic,Meat,,US,FALSE,FALSE,FALSE,,,0,5.84,,,0,0,0,0,955,0,0
00275,THE BUTCHER 3.2oz Landjaeger - Original,Meat,,US,FALSE,FALSE,FALSE,5,100,0,4.54,,3.4,0,0,0,0,0,0,0
00276,THE BUTCHER 3.2oz Landjaeger - Teriyaki,Meat,,US,FALSE,FALSE,FALSE,5,100,0,4.54,,3.4,0,0,0,0,0,0,0
00277,THE BUTCHER 3.2oz Landjaeger - Hot,Meat,,US,FALSE,FALSE,FALSE,5,100,0,4.54,,3.4,0,0,0,0,0,0,0
00278,THE BUTCHER 3.2oz Landjaeger - Peppered,Meat,,US,FALSE,FALSE,FALSE,5,100,0,4.54,,3.4,0,0,0,0,0,0,0
00279,THE BUTCHER 3.2oz Landjaeger - Garlic,Meat,,US,FALSE,FALSE,FALSE,5,100,0,4.54,,3.4,0,0,0,0,0,0,0
00801,THE BUTCHER 50g Pepperoni - Hot,Meat,,CA,FALSE,FALSE,FALSE,25,100,3.49,2.27,2.2,1.7,0,0,0,0,0,123,935
00802,THE BUTCHER 50g Pepperoni - Mild,Meat,,CA,FALSE,FALSE,FALSE,25,100,3.49,2.27,2.2,1.7,0,0,0,0,0,5,0
00821,THE BUTCHER 45g Original Slab CF,Meat,,,FALSE,TRUE,FALSE,6,72,0,,3.83,,0,0,0,0,0,0,0
00822,THE BUTCHER 45g Peppered Slab CF,Meat,,,FALSE,TRUE,FALSE,6,72,0,,3.83,,0,0,0,0,0,0,0
00823,THE BUTCHER 45g Teriyaki Slab CF,Meat,,,FALSE,TRUE,FALSE,6,72,0,,3.83,,0,0,0,0,0,0,0
00824,THE BUTCHER 45g Sweet Chili Slab CF,Meat,,,FALSE,TRUE,FALSE,6,72,0,,3.83,,0,0,0,0,0,0,0
00841,THE BUTCHER 45g Original Slab CF - Caddy,Meat,,,FALSE,TRUE,FALSE,12,12,0,,,,0,0,0,0,0,0,0
00842,THE BUTCHER 45g Peppered Slab CF - Caddy,Meat,,,FALSE,TRUE,FALSE,1,12,0,,,,0,0,0,0,0,0,0
00843,THE BUTCHER 45g Teriyaki Slab CF - Caddy,Meat,,,FALSE,TRUE,FALSE,1,12,0,,,,0,0,0,0,0,0,0
00844,THE BUTCHER 45g Sweet Chili Slab CF - Caddy,Meat,,,FALSE,TRUE,FALSE,1,12,0,,,,0,0,0,0,0,0,0
00851,THE BUTCHER 20g Jerky Chew - Original,Meat,,,FALSE,TRUE,FALSE,10,100,0,,,,0,0,0,0,0,0,0
00852,THE BUTCHER 20g Jerky Chew - Teriyaki,Meat,,,FALSE,TRUE,FALSE,10,100,0,,,,0,0,0,0,0,0,0
00891 - J,THE BUTCHER 20g Jerky Chew - Original - Plastic Jar Kit,Kits,,,FALSE,TRUE,FALSE,,,0,,,,0,0,0,0,0,0,0
00892 - J,THE BUTCHER 20g Jerky Chew - Teriyaki - Plastic Jar Kit,Kits,,,FALSE,TRUE,FALSE,,,0,,,,0,0,0,0,0,0,0
00931,ZAKS 60g Jerky Strips - Original,Meat,AB,CA,FALSE,FALSE,FALSE,8,80,9.99,6.49,6.29,4.87,0,0,0,0,0,6,0
00932,ZAKS 60g Jerky Strips - Teriyaki,Meat,AB,CA,FALSE,FALSE,FALSE,8,80,9.99,6.49,6.29,4.87,0,0,0,0,0,12,0
00933,ZAKS 60g Jerky Strips - Smokin' Hickory,Meat,AB,CA,FALSE,FALSE,FALSE,8,80,9.99,6.49,6.29,6.49,0,0,0,0,0,31,0
00941,ZAKS 125g Jerky Strips - Original,Meat,AB,CA,FALSE,FALSE,FALSE,8,80,19.99,12.99,12.59,9.74,0,0,0,0,0,2,0
00942,ZAKS 125g Jerky Strips - Teriyaki,Meat,AB,CA,FALSE,FALSE,FALSE,8,80,19.99,12.99,12.59,9.74,0,0,0,0,0,28,0
00943,ZAKS 125g Jerky Strips - Smokin' Hickory,Meat,AB,CA,FALSE,FALSE,FALSE,10,,19.99,12.99,12.59,9.74,0,0,0,0,0,14,0
00960,ZAKS 57g Steak Strips - Original,Meat,,CA,FALSE,FALSE,FALSE,5,130,8.99,5.84,5.75,4.38,0,0,0,0,0,351,0
00961,ZAKS 57g Steak Strips - Teriyaki,Meat,,CA,FALSE,FALSE,FALSE,5,130,8.99,5.84,5.75,4.38,0,0,0,0,0,0,0
00962,ZAKS 57g Steak Strips - Sweet Chili,Meat,,CA,FALSE,FALSE,FALSE,5,130,8.99,5.84,5.75,4.38,0,0,0,0,0,241,5
00963,ZAKS 57g Steak Strips - Peppered,Meat,,CA,FALSE,FALSE,FALSE,5,130,8.99,5.84,5.75,4.38,0,0,0,0,0,1166,0
00964,ZAKS 57g Steak Strips - Garlic,Meat,,CA,FALSE,FALSE,FALSE,5,130,8.99,5.84,5.75,4.38,0,0,0,0,0,105,0
00970,ZAKS 50g Jerky - Classic Smoked Original,Meat,,,FALSE,TRUE,FALSE,1,,0,,,,0,0,0,0,0,0,0
00971,ZAKS 50g Jerky - Teriyaki,Meat,,,FALSE,TRUE,FALSE,1,,0,,,,0,0,0,0,0,0,0
00972,ZAKS 50g Jerky - Honey Heat,Meat,,,FALSE,TRUE,FALSE,1,,0,,,,0,0,0,0,0,0,0
00973,ZAKS 50g Jerky - Lemon Cracked Pepper,Meat,,,FALSE,TRUE,FALSE,1,,0,,,,0,0,0,0,0,0,0
00974,ZAKS 50g Jerky - Garlic & Dill,Meat,,,FALSE,TRUE,FALSE,1,,0,,,,0,0,0,0,0,0,0
00975,ZAKS 50g Jerky - Teri Heat,Meat,,,FALSE,TRUE,FALSE,1,,0,,,,0,0,0,0,0,0,0
00976,ZAKS 56g Jerky - Original,Meat,,,FALSE,TRUE,FALSE,10,150,9.99,6.49,,4.87,0,0,0,0,0,0,0
00977,ZAKS 56g Jerky - Teriyaki,Meat,,,FALSE,TRUE,FALSE,10,150,9.99,6.49,,4.87,0,0,0,0,0,0,0
00978,ZAKS 56g Jerky - Dill,Meat,,,FALSE,TRUE,FALSE,10,150,9.99,6.49,,4.87,0,0,0,0,0,0,0
00979,ZAKS 56g Jerky - Lemon Pepper,Meat,,,FALSE,TRUE,FALSE,10,150,9.99,6.49,,4.87,0,0,0,0,0,0,0
00980,ZAKS 150g Jerky - Classic Smoked Original,Meat,,,FALSE,TRUE,FALSE,1,,0,,,,0,0,0,0,0,0,0
00981,ZAKS 150g Jerky - Teriyaki,Meat,,,FALSE,TRUE,FALSE,1,,0,,,,0,0,0,0,0,0,0
00982,ZAKS 150g Jerky - Honey Heat,Meat,,,FALSE,TRUE,FALSE,1,,0,,,,0,0,0,0,0,0,0
00983,ZAKS 150g Jerky - Lemon Cracked Pepper,Meat,,,FALSE,TRUE,FALSE,1,,0,,,,0,0,0,0,0,0,0
00990,ZAKS 125g Jerky - Classic Smoked Original,Meat,,,FALSE,TRUE,FALSE,1,,0,,,,0,0,0,0,0,0,0
00991,ZAKS 125g Jerky - Teriyaki,Meat,,,FALSE,TRUE,FALSE,1,,0,,,,0,0,0,0,0,0,0
00992,ZAKS 125g Jerky - Honey Heat,Meat,,,FALSE,TRUE,FALSE,1,,0,,,,0,0,0,0,0,0,0
00993,ZAKS 125g Jerky - Lemon Cracked Pepper,Meat,,,FALSE,TRUE,FALSE,1,,0,,,,0,0,0,0,0,0,0
00994,ZAKS 125g Jerky - Garlic & Dill,Meat,,,FALSE,TRUE,FALSE,1,,0,,,,0,0,0,0,0,0,0
00995,ZAKS 125g Jerky - Teri Heat,Meat,,,FALSE,TRUE,FALSE,1,,0,,,,0,0,0,0,0,0,0
01050,THE BUTCHER 75g Jerky - Original,Meat,AB,CA,FALSE,FALSE,FALSE,1,50,12.99,8.44,8.18,6.33,0,0,0,0,0,69,42
01051,THE BUTCHER 75g Jerky - Teriyaki,Meat,AB,CA,FALSE,FALSE,FALSE,1,50,12.99,8.44,8.18,6.33,0,0,0,0,0,78,67
01052,THE BUTCHER 75g Jerky - Smokin' Hickory,Meat,AB,CA,FALSE,FALSE,FALSE,1,50,12.99,8.44,8.18,6.33,0,0,0,0,0,10,49
01053,THE BUTCHER 75g Jerky - Sweet 'N Heat,Meat,AB,CA,FALSE,FALSE,FALSE,1,50,12.99,8.44,8.18,6.33,0,0,0,0,0,0,95
01060,THE BUTCHER 50g Jerky - Original,Meat,,,FALSE,TRUE,FALSE,1,,0,,,,0,0,0,0,0,0,0
01061,THE BUTCHER 50g Jerky - Teriyaki,Meat,,,FALSE,TRUE,FALSE,1,,0,,,,0,0,0,0,0,0,0
01062,THE BUTCHER 50g Jerky - Hot & Sweet,Meat,,,FALSE,TRUE,FALSE,1,,0,,,,0,0,0,0,0,0,0
01063,THE BUTCHER 50g Jerky - Peppered,Meat,,,FALSE,TRUE,FALSE,1,,0,,,,0,0,0,0,0,0,0
01070,THE BUTCHER 75g Jerky - Original,Meat,,CA,FALSE,FALSE,FALSE,10,60,0,8.44,8.31,,0,0,0,0,0,627,749
01071,THE BUTCHER 75g Jerky - Teriyaki,Meat,,CA,FALSE,FALSE,FALSE,10,60,0,8.44,8.31,,0,0,0,0,0,1455,459
01072,THE BUTCHER 75g Jerky - Hot 'N Sweet,Meat,,CA,FALSE,FALSE,FALSE,10,60,0,8.44,8.31,,0,0,0,0,0,448,9
01073,THE BUTCHER 75g Jerky - Peppered,Meat,,CA,FALSE,FALSE,FALSE,10,60,0,8.44,8.31,,0,0,0,0,0,892,171
01080,THE BUTCHER 150g Jerky - Original,Meat,,CA,FALSE,FALSE,FALSE,5,30,0,,15.35,15.59,0,0,0,0,0,0,0
01081,THE BUTCHER 150g Jerky - Teriyaki,Meat,,CA,FALSE,FALSE,FALSE,5,30,0,,15.35,15.59,0,0,0,0,0,0,0
01082,THE BUTCHER 150g Jerky - Hot & Sweet,Meat,,CA,FALSE,FALSE,FALSE,5,30,0,,15.35,15.59,0,0,0,0,0,0,0
01083,THE BUTCHER 150g Jerky - Peppered,Meat,,CA,FALSE,FALSE,FALSE,5,30,0,,15.35,15.59,0,0,0,0,0,0,0
01091,THE BUTCHER 60g Classic Pepperoni & Cheddar Cheese Sticks,Meat,,CA,FALSE,FALSE,FALSE,,,0,,,,0,0,0,0,0,0,0
01092,THE BUTCHER 60g Pepperoni & Monterey Jalapeno Cheese Sticks,Meat,,CA,FALSE,FALSE,FALSE,,,0,,,,0,0,0,0,0,0,0
01093,THE BUTCHER 45g Pepperoni,Meat,,CA,FALSE,FALSE,FALSE,,,0,,,,0,0,0,0,0,0,0
01094,THE BUTCHER 45g Salami,Meat,,CA,FALSE,FALSE,FALSE,,,0,,,,0,0,0,0,0,0,0
01095,THE BUTCHER 45g Landjager,Meat,,CA,FALSE,FALSE,FALSE,,,0,,,,0,0,0,0,0,0,0
01101,THE BUTCHER 75g Jerky - Honey Heat,Meat,,,FALSE,TRUE,FALSE,10,60,0,,8.44,,0,0,0,0,0,0,0
01102,THE BUTCHER 75g Jerky - Lemon Pepper,Meat,,,FALSE,TRUE,FALSE,10,60,0,8.44,8.31,,0,0,0,0,0,0,0
01103,THE BUTCHER 75g Jerky - Dill Pickle,Meat,,,FALSE,TRUE,FALSE,10,60,0,8.44,8.31,,0,0,0,0,0,0,0
01104,THE BUTCHER 75g Jerky - Garlic Ginger,Meat,,,FALSE,TRUE,FALSE,10,60,0,8.44,8.31,,0,0,0,0,0,0,0
01105,THE BUTCHER 75g Jerky - Orange Honey Teriyaki,Meat,,,FALSE,TRUE,FALSE,10,60,0,8.44,8.31,,0,0,0,0,0,0,0
01121,THE BUTCHER 150g Jerky - Honey Heat,Meat,,,FALSE,TRUE,FALSE,5,30,0,,15.35,15.59,0,0,0,0,0,0,0
01122,THE BUTCHER 150g Jerky - Lemon Pepper,Meat,,,FALSE,TRUE,FALSE,5,30,0,,15.35,15.59,0,0,0,0,0,0,0
01123,THE BUTCHER 150g Jerky - Dill Pickle,Meat,,,FALSE,TRUE,FALSE,5,30,0,,15.35,15.59,0,0,0,0,0,0,0
01124,THE BUTCHER 150g Jerky - Garlic Ginger,Meat,,,FALSE,TRUE,FALSE,5,30,0,,15.35,15.59,0,0,0,0,0,0,0
01125,THE BUTCHER 150g Jerky - Orange Honey Teriyaki,Meat,,,FALSE,TRUE,FALSE,5,30,0,,15.35,15.59,0,0,0,0,0,0,0
01130,THE BUTCHER 75g Pork Jerky - Smoked Original,Meat,AB,CA,FALSE,FALSE,FALSE,,50,12.99,8.44,8.31,6.33,0,0,0,0,0,241,35
01131,THE BUTCHER 75g Pork Jerky - Teriyaki Pineapple,Meat,AB,CA,FALSE,FALSE,FALSE,,50,12.99,8.44,8.31,6.33,0,0,0,0,0,217,58
01132,THE BUTCHER 75g Pork Jerky - Hot 'N Sweet,Meat,AB,CA,FALSE,FALSE,FALSE,,50,12.99,8.44,8.31,6.33,0,0,0,0,0,21,4
01133,THE BUTCHER 75g Pork Jerky - BBQ Hickory,Meat,AB,CA,FALSE,FALSE,FALSE,,50,12.99,8.44,8.31,6.33,0,0,0,0,0,165,88
01140,THE BUTCHER 175g Pork Jerky - Smoked Original,Meat,AB,CA,FALSE,FALSE,FALSE,,30,23.99,15.59,15.35,11.69,0,0,0,0,0,52,48
01141,THE BUTCHER 175g Pork Jerky - Teriyaki Pineapple,Meat,AB,CA,FALSE,FALSE,FALSE,,30,23.99,15.59,15.35,11.69,0,0,0,0,0,22,40
01142,THE BUTCHER 175g Pork Jerky - Hot 'N Sweet,Meat,AB,CA,FALSE,FALSE,FALSE,,30,23.99,15.59,15.35,11.69,0,0,0,0,0,67,51
01143,THE BUTCHER 175g Pork Jerky - BBQ Hickory,Meat,AB,CA,FALSE,FALSE,FALSE,,30,23.99,15.59,15.35,11.69,0,0,0,0,0,58,43
01146,THE BUTCHER 125g Pork Jerky - Teriyaki Pineapple,Meat,,,FALSE,TRUE,FALSE,,20,9.99,6.99,,5.59,0,0,0,0,0,0,0
01147,THE BUTCHER 125g Pork Jerky - BBQ Hickory,Meat,,,FALSE,TRUE,FALSE,,20,9.99,6.99,,5.59,0,0,0,0,0,0,0
01220,ZAKS 13.3oz Slab Jerky 10 pc Bag - Original,Meat,,US,FALSE,FALSE,FALSE,,,0,23.98,,,0,0,0,0,0,0,0
01221,ZAKS 13.3oz Slab Jerky 10 pc Bag - Teriyaki,Meat,,US,FALSE,FALSE,FALSE,,,0,23.98,,,0,0,0,0,5,0,0
01223,ZAKS 7.9oz Slab Jerky 8pc Bag - Original,Meat,,US,FALSE,FALSE,FALSE,1,30,0,,,,0,0,0,0,2,0,0
01224,ZAKS 7.9oz Slab Jerky 8pc Bag - Teriyaki,Meat,,US,FALSE,FALSE,FALSE,1,30,0,,,,0,0,0,0,0,0,0
01251,THE BUTCHER 125g Jerky - Original,Meat,AB,CA,FALSE,FALSE,FALSE,10,50,19.99,13,12.6,9.75,0,0,0,0,0,3,155
01252,THE BUTCHER 125g Jerky - Teriyaki,Meat,AB,CA,FALSE,FALSE,FALSE,10,50,19.99,13,12.6,9.75,0,0,0,0,0,35,147
01253,THE BUTCHER 125g Jerky - Smokin' Hickory,Meat,AB,CA,FALSE,FALSE,FALSE,10,50,19.99,13,12.6,9.75,0,0,0,0,0,80,0
01254,THE BUTCHER 125g Jerky - Sweet 'N Heat,Meat,AB,CA,FALSE,FALSE,FALSE,10,50,19.99,13,12.6,9.75,0,0,0,0,0,90,0
01256,KOKUM 125g Jerky - Original,Meat,AB,CA,FALSE,FALSE,FALSE,10,50,19.99,13,12.6,9.75,0,0,0,0,0,14,0
01257,KOKUM 125g Jerky - Teriyaki,Meat,AB,CA,FALSE,FALSE,FALSE,10,50,19.99,13,12.6,9.75,0,0,0,0,0,29,24
01258,KOKUM 125g Jerky - Smokin' Hickory,Meat,AB,CA,FALSE,FALSE,FALSE,10,50,19.99,13,12.6,9.75,0,0,0,0,0,29,0
01259,KOKUM 125g Jerky - Sweet 'N Heat,Meat,AB,CA,FALSE,FALSE,FALSE,10,50,19.99,13,12.6,9.75,0,0,0,0,0,4,0
01431,THE BUTCHER 43g Jerky - Original,Meat,AB,CA,FALSE,FALSE,FALSE,10,100,8.99,5.85,5.67,4.39,0,0,0,0,0,160,97
01432,THE BUTCHER 43g Jerky - Teriyaki,Meat,AB,CA,FALSE,FALSE,FALSE,10,100,8.99,5.85,5.67,4.39,0,0,0,0,0,165,97
01433,THE BUTCHER 43g Jerky - Smokin' Hickory,Meat,AB,CA,FALSE,FALSE,FALSE,10,100,8.99,5.85,5.67,4.39,0,0,0,0,0,160,97
01434,THE BUTCHER 43g Jerky - Sweet 'N Heat,Meat,AB,CA,FALSE,FALSE,FALSE,10,100,8.99,5.85,5.67,4.39,0,0,0,0,0,160,97
01436,KOKUM 43g Jerky - Original,Meat,AB,CA,FALSE,FALSE,FALSE,10,100,8.99,5.85,5.67,4.39,0,0,0,0,0,64,0
01437,KOKUM 43g Jerky - Teriyaki,Meat,AB,CA,FALSE,FALSE,FALSE,10,100,8.99,5.85,5.67,4.39,0,0,0,0,0,54,0
01438,KOKUM 43g Jerky - Smokin' Hickory,Meat,AB,CA,FALSE,FALSE,FALSE,10,100,8.99,5.85,5.67,4.39,0,0,0,0,0,64,0
01439,KOKUM 43g Jerky - Sweet 'N Heat,Meat,AB,CA,FALSE,FALSE,FALSE,10,100,8.99,5.85,5.67,4.39,0,0,0,0,0,54,0
01631,THE BUTCHER 63g Jerky - Original,Meat,AB,CA,FALSE,FALSE,FALSE,10,80,12.99,8.45,8.19,6.34,0,0,0,0,0,0,57
01632,THE BUTCHER 63g Jerky - Teriyaki,Meat,AB,CA,FALSE,FALSE,FALSE,10,80,12.99,8.45,8.19,6.34,0,0,0,0,0,0,57
01633,THE BUTCHER 63g Jerky - Smokin' Hickory,Meat,AB,CA,FALSE,FALSE,FALSE,10,80,12.99,8.45,8.19,6.34,0,0,0,0,0,0,57
01634,THE BUTCHER 63g Jerky - Sweet 'N Heat,Meat,AB,CA,FALSE,FALSE,FALSE,10,80,12.99,8.45,8.19,6.34,0,0,0,0,0,0,57
01636,KOKUM 63g Jerky - Original,Meat,AB,CA,FALSE,FALSE,FALSE,10,80,12.99,8.45,8.19,6.34,0,0,0,0,0,11,0
01637,KOKUM 63g Jerky - Teriyaki,Meat,AB,CA,FALSE,FALSE,FALSE,10,80,12.99,8.45,8.19,6.34,0,0,0,0,0,19,0
01638,KOKUM 63g Jerky - Smokin' Hickory,Meat,AB,CA,FALSE,FALSE,FALSE,10,80,12.99,8.45,8.19,6.34,0,0,0,0,0,40,0
01639,KOKUM 63g Jerky - Sweet 'N Heat,Meat,AB,CA,FALSE,FALSE,FALSE,10,80,12.99,8.45,8.19,6.34,0,0,0,0,0,28,0
03031,VOLT 4FT Select - Triple Tip,Tech,,,FALSE,FALSE,FALSE,10,100,9.99,5,5,2.75,0,0,0,0,0,302,7
03033,VOLT 6FT Studio - iPhone,Tech,,,FALSE,FALSE,FALSE,10,100,9.99,5,5,2.75,0,0,0,0,814,0,473
03034,VOLT 6FT Studio - Type C,Tech,,,FALSE,FALSE,FALSE,10,100,9.99,5,5,2.75,0,0,0,0,312,511,1214
03035,VOLT 6FT Studio - Micro USB,Tech,,,FALSE,FALSE,FALSE,10,100,9.99,5,5,2.75,0,0,0,0,196,0,82
03036,VOLT 6FT Select - iPhone,Tech,,,FALSE,FALSE,FALSE,10,100,9.99,5,5,2.75,0,0,0,0,785,305,670
03037,VOLT 6FT Select - Type C,Tech,,,FALSE,FALSE,FALSE,10,100,9.99,5,5,2.75,0,0,0,0,375,330,10
03038,VOLT 6FT Select - Micro USB,Tech,,,FALSE,FALSE,FALSE,10,100,12.99,6.49,6.49,4.86,400,0,0,0,0,0,670
03040,VOLT 6FT Designer MFI - iPhone,Tech,,,FALSE,TRUE,FALSE,,,0,,,,0,0,0,0,0,0,0
03043,VOLT Evolution Prime 6FT FC - iPhone,Tech,,,FALSE,FALSE,FALSE,5,100,9.99,5,4.8,2.5,60,0,0,130,0,791,1730
03044,VOLT Evolution Prime 6FT FC - Type C,Tech,,,FALSE,FALSE,FALSE,5,100,9.99,5,4.8,2.5,597,0,0,130,0,591,843
03045,VOLT Evolution Prime 6FT - iPhone,Tech,,,FALSE,FALSE,FALSE,5,100,9.99,5,4.8,2.5,355,0,0,130,0,781,1345
03046,VOLT Evolution Prime 6FT - Type C,Tech,,,FALSE,FALSE,FALSE,5,100,9.99,5,4.8,2.5,333,0,0,130,0,577,1027
03050 - B,VOLT Evolution 6FT - Tuff 4 in 1 Blue,Tech,,,FALSE,FALSE,FALSE,5,100,14.99,7.5,7.6,3.75,4594,0,0,55,0,956,3550
03050 - G,VOLT Evolution 6FT - Tuff 4 in 1 Green,Tech,,,FALSE,FALSE,FALSE,5,100,14.99,7.5,7.6,3.75,5994,0,0,55,0,990,2304
03050 - R,VOLT Evolution 6FT - Tuff 4 in 1 Red,Tech,,,FALSE,FALSE,FALSE,5,100,14.99,7.5,7.6,3.75,7470,0,0,55,0,975,2220
03050 - Y,VOLT Evolution 6FT - Tuff 4 in 1 Yellow,Tech,,,FALSE,FALSE,FALSE,5,100,14.99,7.5,7.6,3.75,6995,0,0,55,0,1005,3140
03051 - B,VOLT Evolution 10FT - Tuff 4 in 1 Blue,Tech,,,FALSE,FALSE,FALSE,5,100,16.99,8.5,9.2,4.25,9150,0,0,110,0,305,485
03051 - G,VOLT Evolution 10FT - Tuff 4 in 1 Green,Tech,,,FALSE,FALSE,FALSE,5,100,16.99,8.5,9.2,4.25,9150,0,0,110,0,302,310
03051 - R,VOLT Evolution 10FT - Tuff 4 in 1 Red,Tech,,,FALSE,FALSE,FALSE,5,100,16.99,8.5,9.2,4.25,10750,0,0,110,0,324,579
03051 - Y,VOLT Evolution 10FT - Tuff 4 in 1 Yellow,Tech,,,FALSE,FALSE,FALSE,5,100,16.99,8.5,9.2,4.25,10549,0,0,110,0,326,625
03053 - B,VOLT Evolution 4FT - Tuff 4 in 1 Blue,Tech,,,FALSE,FALSE,FALSE,5,100,12.99,6.5,6,3.25,9732,0,0,185,0,994,396
03053 - G,VOLT Evolution 4FT - Tuff 4 in 1 Green,Tech,,,FALSE,FALSE,FALSE,5,100,12.99,6.5,6,3.25,6829,0,0,185,0,1058,3360
03053 - R,VOLT Evolution 4FT - Tuff 4 in 1 Red,Tech,,,FALSE,FALSE,FALSE,5,100,12.99,6.5,6,3.25,10335,0,0,185,0,1008,2623
03053 - Y,VOLT Evolution 4FT - Tuff 4 in 1 Yellow,Tech,,,FALSE,FALSE,FALSE,5,100,12.99,6.5,6,3.25,12526,0,0,185,0,1113,202
03059,VOLT Evolution 10FT - All in One,Tech,,,FALSE,FALSE,FALSE,10,100,0,,,,0,0,0,0,0,0,0
06406,TECH361 6FT Standard - Type C,Tech,,,FALSE,FALSE,FALSE,24,144,9.99,5.99,5.99,4.49,0,0,0,0,0,365,450
06422,TECH361 6FT Braided - iPhone,Tech,,,FALSE,FALSE,FALSE,12,144,9.99,5.99,5.99,4.49,0,0,0,0,0,94,240
06427,TECH361 6FT Braided - Micro USB,Tech,,,FALSE,FALSE,FALSE,12,144,8.99,5.39,5.39,4.04,0,0,0,0,0,332,386
06449,TECH361 6FT Standard - Micro USB,Tech,,,FALSE,FALSE,FALSE,24,144,8.99,5.39,5.39,4.04,0,0,0,0,0,674,349
06457,TECH361 6FT Standard - iPhone,Tech,,,FALSE,FALSE,FALSE,24,144,9.99,5.99,5.99,4.49,0,0,0,0,0,647,413
06488,TECH361 Car Charger - Double USB (2A),Tech,,,FALSE,FALSE,FALSE,6,144,8.99,5.39,5.39,4.04,0,0,0,0,0,999,559
06493,TECH361 Wall Charger - Double USB (2A),Tech,,,FALSE,FALSE,FALSE,12,144,9.99,5.99,5.99,4.49,0,0,0,0,0,1151,162
10100,"BONES - White Rawhide Roll (4""-5"")",Pet,,,FALSE,TRUE,FALSE,10,100,3.99,2.39,2.39,1.67,0,0,0,0,0,0,0
10101,BONES - White Retriever Roll,Pet,,,FALSE,FALSE,FALSE,10,100,6.99,4.19,4.19,2.93,0,0,0,0,319,1,0
10102,BONES - White Rawhide Donut,Pet,,,FALSE,FALSE,FALSE,10,100,4.99,2.99,2.99,2.09,0,0,0,0,322,280,0
10103,BONES - Peanut Butter Retriever Roll,Pet,,,FALSE,FALSE,FALSE,10,100,0,4.4,,3.3,0,0,0,0,229,1,0
10104,BONES - Vanilla Retriever Roll,Pet,,,FALSE,FALSE,FALSE,10,100,6.99,4.19,4.19,2.93,0,0,0,0,109,2,0
10105,BONES - Vanilla Knotted,Pet,,,FALSE,TRUE,FALSE,10,100,3.99,2.39,2.39,1.67,0,0,0,0,0,0,0
10106,BONES - Peanut Butter Knotted,Pet,,,FALSE,FALSE,FALSE,10,100,0,3.14,,2.35,0,0,0,0,200,0,0
10107,BONES - Peanut Butter Donut,Pet,,,FALSE,FALSE,FALSE,10,100,4.99,2.99,2.99,2.09,0,0,0,0,0,0,0
10108,"BONES - 6"" Beef Trachea",Pet,,,FALSE,FALSE,FALSE,20,200,6.99,4.4,4.4,3.3,0,0,0,0,379,830,870
10109,BONES - Peanut Butter Dog Biscuits,Pet,,,FALSE,FALSE,FALSE,10,100,0,3.14,,2.35,0,0,0,0,155,0,0
10110,BONES - Smoke Pork Femur,Pet,,,FALSE,FALSE,FALSE,10,100,0,4.4,,3.3,0,0,0,0,215,0,0
10111,BONES - Pig Ear,Pet,,,FALSE,FALSE,FALSE,20,200,5.99,3.77,3.77,2.83,0,0,0,0,13,1705,0
10112,"BONES - 6"" Beef Stick",Pet,,,FALSE,FALSE,FALSE,15,150,4.99,3.14,3.14,2.36,0,0,0,0,0,2296,770
10113,"BONES - 5-6"" Bully Stick",Pet,,,FALSE,FALSE,FALSE,20,100,8.99,5.66,5.66,4.25,0,0,0,0,85,1376,455
10114,"BONES - 12"" Beef Stick",Pet,,,FALSE,FALSE,FALSE,20,120,8.99,5.66,5.66,4.25,0,0,0,0,0,1852,46
10115,"BONES - 6"" Bully Chew",Pet,,,FALSE,FALSE,FALSE,15,90,4.99,3.14,3.14,2.36,0,0,0,0,0,524,1890
10116,"BONES - 12"" Bully Chew",Pet,,,FALSE,FALSE,FALSE,25,50,8.99,5.66,5.66,4.25,0,0,0,0,0,294,1085
10117,BONES - Braided Beef Stick,Pet,,,FALSE,FALSE,FALSE,25,50,8.99,5.66,5.66,4.25,0,0,0,0,0,938,2725
10118,BONES - Cow Ear,Pet,,,FALSE,FALSE,FALSE,25,100,5.99,3.77,3.77,2.83,0,0,0,0,0,726,3416
10120,Bones Premium Pet Treats Display,Display,,,FALSE,FALSE,FALSE,,,0,,,,95,80,0,0,18,11,87
11001,RETRO RATTLERS Sunglasses,Gen Merch,,,FALSE,FALSE,FALSE,,,19.99,12,10,7.2,3121,0,0,0,1945,3508,1092
11020,Sunglasses Design 1,Gen Merch,,,FALSE,TRUE,FALSE,,,0,,,,0,0,0,0,0,0,0
11025,Sunglasses Design 2,Gen Merch,,,FALSE,TRUE,FALSE,,,0,,,,0,0,0,0,0,0,0
11050,4 Sided Spinning Sunglasses Rack (72pcs) - Display Only,Display,,,FALSE,FALSE,FALSE,,,0,,,,0,0,0,0,0,0,0
11051,LUMEX Polarized Sunglasses - Design 1,Gen Merch,,,FALSE,FALSE,FALSE,12,300,19.99,12.5,10,,0,0,0,0,0,0,0
11052,LUMEX Polarized Sunglasses - Design 2,Gen Merch,,,FALSE,FALSE,FALSE,12,300,19.99,12.5,10,,0,0,0,0,0,0,0
11053,LUMEX Polarized Sunglasses - Design 3,Gen Merch,,,FALSE,FALSE,FALSE,12,300,19.99,12.5,10,,0,0,0,0,0,0,0
11054,LUMEX Polarized Sunglasses - Design 4,Gen Merch,,,FALSE,FALSE,FALSE,12,300,19.99,12.5,10,,0,0,0,0,0,0,0
11055,LUMEX Polarized Sunglasses - Design 5,Gen Merch,,,FALSE,FALSE,FALSE,12,300,19.99,12.5,10,,0,0,0,0,0,0,0
11056,LUMEX Polarized Sunglasses - Design 6,Gen Merch,,,FALSE,FALSE,FALSE,12,300,19.99,12.5,10,,0,0,0,0,0,0,0
11057,LUMEX Polarized Sunglasses - Design 7,Gen Merch,,,FALSE,FALSE,FALSE,12,300,19.99,12.5,10,,0,0,0,0,0,0,0
11058,LUMEX Polarized Sunglasses - Design 8,Gen Merch,,,FALSE,FALSE,FALSE,12,300,19.99,12.5,10,,0,0,0,0,0,0,0
11059,LUMEX Polarized Sunglasses - Design 9,Gen Merch,,,FALSE,FALSE,FALSE,12,300,0,,,,0,0,0,0,0,0,0
12001,FANCY FANNYS - Pack,Gen Merch,,,FALSE,FALSE,FALSE,,,9.99,5,5,2.5,15821,0,0,0,1198,27,392
12520,ZAKS 57g Traditional Beef Jerky - Original,Meat,,CA,FALSE,FALSE,FALSE,,,0,,,,0,0,0,0,0,0,0
12521,ZAKS 57g Traditional Beef Jerky - Teriyaki,Meat,,CA,FALSE,FALSE,FALSE,,,0,,,,0,0,0,0,0,0,0
12522,ZAKS 57g Traditional Beef Jerky - Sweet Chili,Meat,,CA,FALSE,FALSE,FALSE,,,0,,,,0,0,0,0,0,0,0
12531,ZAKS 57g Premium Beef Jerky - Hot Honey,Meat,,CA,FALSE,FALSE,FALSE,,,0,,,,0,0,0,0,0,0,0
12532,ZAKS 57g Premium Beef Jerky - Maple Brown Sugar,Meat,,CA,FALSE,FALSE,FALSE,,,0,,,,0,0,0,0,0,0,0
12533,ZAKS 57g Premium Beef Jerky - Lemon Peppered,Meat,,CA,FALSE,FALSE,FALSE,,,0,,,,0,0,0,0,0,0,0
12534,ZAKS 57g Premium Beef Jerky - Orange Honey Teriyaki,Meat,,CA,FALSE,FALSE,FALSE,,,0,,,,0,0,0,0,0,0,0
12535,ZAKS 57g Premium Beef Jerky - Korean BBQ,Meat,,,FALSE,FALSE,FALSE,,,0,,,,0,0,0,0,0,0,0
12560,ZAKS 120g Big Bag Jerky - Original,Meat,,CA,FALSE,FALSE,FALSE,1,35,19.99,13,12.59,9.75,0,0,0,0,0,209,70
12561,ZAKS 120g Big Bag Jerky - Teriyaki,Meat,,CA,FALSE,FALSE,FALSE,1,35,19.99,13,12.59,9.75,0,0,0,0,0,93,84
12563,ZAKS 120g Big Bag Jerky - Sweet Chili,Meat,,CA,FALSE,FALSE,FALSE,1,35,19.99,13,12.59,9.75,0,0,0,0,0,179,62
12564,ZAKS 120g Hot Honey Premium Cuts,Meat,,CA,FALSE,FALSE,FALSE,1,35,19.99,12.99,12.59,9.74,0,0,0,0,0,284,35
12565,ZAKS 120g Maple Brown Sugar Premium Cuts,Meat,,CA,FALSE,FALSE,FALSE,1,35,19.99,12.99,12.59,9.74,0,0,0,0,0,588,66
12566,ZAKS 120g Lemon Peppered Premium Cuts,Meat,,CA,FALSE,FALSE,FALSE,1,35,19.99,12.99,12.59,9.74,0,0,0,0,0,482,67
12567,ZAKS 120g Orange Honey Teriyaki Premium Cuts,Meat,,CA,FALSE,FALSE,FALSE,1,35,19.99,12.99,12.59,9.74,0,0,0,0,0,228,0
12568,ZAKS 120g Premium Beef Jerky - Korean BBQ,Meat,,,FALSE,FALSE,FALSE,1,35,19.99,12.99,12.59,9.74,0,0,0,0,0,0,0
13001,CARDGUARD - Multi Use Phone Wallet,Gen Merch,,,FALSE,FALSE,FALSE,,,5.99,3,3,1.8,9612,0,0,0,0,1664,1321
13301,SOLAR ECLIPSE GLASSES (3pcs),Gen Merch,,,FALSE,TRUE,FALSE,,,0,,,,0,0,0,0,0,0,0
19200,VOLT Designer Tower (80pcs) - Display Only,Display,,,FALSE,FALSE,FALSE,,,0,,,,66,0,0,0,5,11,61
19208,VOLT Designer 10FT Spinner Rack,Display,,,FALSE,FALSE,FALSE,,,0,,,,0,0,0,0,50,19,16
19208 - SC,Header Sign VOLT FC / Designer CAN (10ft Spinning Rack),Display,,CA,FALSE,FALSE,FALSE,,,0,,,,457,1,0,0,0,0,0
19208 - SU,Header Sign VOLT FC / Designer USA (10ft Spinning Rack),Display,,US,FALSE,FALSE,FALSE,,,0,,,,428,0,0,0,0,0,0
19910,VOLT 10FT Select - iPhone,Tech,,,FALSE,FALSE,FALSE,10,100,12.99,6.49,6.49,4.54,2,0,0,0,370,161,39
19911,VOLT 10FT Select - Type C,Tech,,,FALSE,FALSE,FALSE,10,100,12.99,6.49,6.49,4.54,2,0,0,0,0,0,100
19912,VOLT 10FT Select - Micro USB,Tech,,,FALSE,FALSE,FALSE,10,100,12.99,6.49,6.49,4.54,0,0,0,0,202,0,0
19913,VOLT 10FT Studio - iPhone,Tech,,,FALSE,FALSE,FALSE,10,100,12.99,6.49,6.49,4.54,0,0,0,0,211,0,18
19914,VOLT 10FT Studio - Type C,Tech,,,FALSE,FALSE,FALSE,10,100,12.99,6.49,6.49,4.54,12,0,0,0,43,0,3
19915,VOLT 10FT Studio - Micro USB,Tech,,,FALSE,FALSE,FALSE,10,100,12.99,6.49,6.49,4.54,0,0,0,0,411,0,1271
19916,VOLT 10FT Prime - iPhone,Tech,,,FALSE,FALSE,FALSE,10,100,10.99,5.5,6,3.03,1100,0,0,0,740,2035,436
19917,VOLT 10FT Prime - Type C,Tech,,,FALSE,FALSE,FALSE,10,100,10.99,5.5,6,3.03,5130,0,0,0,2165,1699,1056
19918,VOLT 10FT Classic - Micro USB,Tech,,,FALSE,FALSE,FALSE,10,100,10.99,5.49,5.49,3.84,158,5,0,0,814,0,2634
19919,VOLT 10FT Tough Cord - Triple Charge,Tech,,,FALSE,FALSE,FALSE,10,100,14.99,7.5,10,4.13,0,0,0,0,1066,240,0
19920,VOLT 10FT Classic MFI - iPhone,Tech,,,FALSE,TRUE,FALSE,,,0,,,,0,0,0,0,0,0,0
19921,VOLT 10FT Studio MFI - iPhone,Tech,,,FALSE,TRUE,FALSE,,,0,,,,0,0,0,0,0,0,0
19922,VOLT 10FT Select MFI - iPhone,Tech,,,FALSE,TRUE,FALSE,,,0,,,,0,0,0,0,0,0,0
20170,ZAKS 100g Landjaeger - Original,Meat,,CA,FALSE,FALSE,FALSE,5,130,8.99,5.84,5.75,4.38,0,0,0,0,0,0,0
20171,ZAKS 100g Landjaeger - Red Hot,Meat,,CA,FALSE,FALSE,FALSE,5,130,8.99,5.84,5.75,4.38,0,0,0,0,0,0,0
20172,ZAKS 100g Landjaeger - Garlic,Meat,,CA,FALSE,FALSE,FALSE,5,130,8.99,5.84,5.75,4.38,0,0,0,0,0,0,0
20175,ZAKS 90g Landjaeger - Original,Meat,,,FALSE,TRUE,FALSE,5,100,7.99,5.19,,3.89,0,0,0,0,0,0,0
20176,ZAKS 90g Landjaeger - Teriyaki,Meat,,,FALSE,TRUE,FALSE,5,100,7.99,5.19,,3.89,0,0,0,0,0,0,0
20177,ZAKS 90g Landjaeger - Hot,Meat,,,FALSE,TRUE,FALSE,5,100,7.99,5.19,,3.89,0,0,0,0,0,0,0
20178,ZAKS 90g Landjaeger - Peppered,Meat,,,FALSE,TRUE,FALSE,5,100,7.99,5.19,,3.89,0,0,0,0,0,0,0
20179,ZAKS 90g Landjaeger - Garlic,Meat,,,FALSE,TRUE,FALSE,5,100,7.99,5.19,,3.89,0,0,0,0,0,0,0
20210,VOLT 4FT Braided - iPhone,Tech,,,FALSE,FALSE,FALSE,10,100,10.99,5.5,6.59,3.85,0,0,0,0,0,0,754
20211,VOLT 4FT Braided - Type C,Tech,,,FALSE,FALSE,FALSE,10,100,10.99,5.5,6.59,3.85,0,0,0,0,0,0,2471
20212,VOLT 4FT Braided - Micro USB,Tech,,,FALSE,FALSE,FALSE,10,100,10.99,5.5,6.59,3.85,0,0,0,0,0,0,2611
20213,VOLT 9FT XL - iPhone,Tech,,,FALSE,FALSE,FALSE,10,100,10.99,5.5,4.49,3.85,0,0,0,0,0,0,1706
20214,VOLT 9FT XL - Type C,Tech,,,FALSE,FALSE,FALSE,10,100,10.99,5.5,4.49,3.85,0,0,0,0,0,0,1132
20215,VOLT 9FT XL - Micro USB,Tech,,,FALSE,FALSE,FALSE,10,100,9.99,5,4.49,3.85,0,0,0,0,0,0,24
20216,VOLT 4FT Standard - iPhone,Tech,,,FALSE,FALSE,FALSE,10,100,8.99,4.49,4.49,3.36,0,0,0,0,0,0,346
20217,VOLT 4FT Standard - Type C,Tech,,,FALSE,FALSE,FALSE,10,100,8.99,4.49,4.49,3.36,0,0,0,0,0,0,2030
20218,VOLT 4FT Standard - Micro USB,Tech,,,FALSE,FALSE,FALSE,10,100,8.99,4.49,4.49,3.36,0,0,0,0,0,0,1265
20219,VOLT 4FT Standard - Auxiliary,Tech,,,FALSE,FALSE,FALSE,10,100,8.99,4.49,4.49,3.36,0,0,0,0,0,26,1772
20220,VOLT Deluxe Earbuds,Tech,,,FALSE,FALSE,FALSE,10,100,8.99,4.49,4.49,3.36,0,0,0,0,0,0,1944
20221,VOLT 4FT Elite Camo - Lightning to USB,Tech,,,FALSE,TRUE,FALSE,10,100,0,5,,3,0,0,0,0,0,0,0
20222,VOLT 4FT Elite Camo - Type C to USB,Tech,,,FALSE,TRUE,FALSE,10,100,0,5,,3,0,0,0,0,0,0,0
20223,VOLT 4FT Elite Camo - Type C Earbuds,Tech,,,FALSE,TRUE,FALSE,10,100,0,5,,3,0,0,0,0,0,0,0
20310,VOLT Evolution Prime 4FT - iPhone,Tech,,,FALSE,FALSE,FALSE,12,120,7.99,4,4.4,2,0,0,0,312,0,1178,456
20311,VOLT Evolution Prime 4FT - Type C,Tech,,,FALSE,FALSE,FALSE,12,120,7.99,4,4.4,2,0,0,0,312,0,682,22
20312,VOLT Evolution Prime 4FT FC - iPhone,Tech,,,FALSE,FALSE,FALSE,12,120,7.99,4,4.4,2,60,0,0,312,0,1419,1176
20313,VOLT Evolution Prime 4FT FC - Type C,Tech,,,FALSE,FALSE,FALSE,12,120,7.99,4,4.4,2,270,0,0,312,0,980,1188
20315,VOLT 10FT Prime - iPhone,Tech,,,FALSE,TRUE,FALSE,10,100,10.99,5.49,5.49,3.84,0,0,0,0,0,0,0
20316,VOLT 10FT Prime - Type C,Tech,,,FALSE,TRUE,FALSE,10,100,10.99,5.49,5.49,3.84,0,0,0,0,0,0,0
20317,VOLT 10FT Delux - iPhone,Tech,,,FALSE,TRUE,FALSE,10,100,10.99,5.49,5.49,3.84,0,0,0,0,0,0,0
20318,VOLT 10FT Delux- Type C,Tech,,,FALSE,TRUE,FALSE,10,100,10.99,5.49,5.49,3.84,0,0,0,0,0,0,0
20319,VOLT Evolution Prime 10FT - Triple Tip,Tech,,,FALSE,TRUE,FALSE,10,100,16.99,9.34,9.34,6.54,0,0,0,0,0,0,0
20325,VOLT Evolution 9FT XL - iPhone,Tech,,,FALSE,TRUE,FALSE,10,120,10.99,5.5,4.49,3.85,0,0,0,0,0,0,0
20326,VOLT Evolution 9FT XL - Type C,Tech,,,FALSE,TRUE,FALSE,10,120,10.99,5.5,4.49,3.85,0,0,0,0,0,0,0
20327,VOLT Evolution 4FT Elite - Type C Earbuds,Tech,,,FALSE,FALSE,FALSE,6,48,7.99,4,5.2,2,0,0,0,0,0,0,0
20328,VOLT Evolution 4FT - Triple Tip,Tech,,,FALSE,FALSE,FALSE,8,80,7.99,4,4.4,2,1440,0,0,208,0,938,1586
20329,VOLT Evolution 4FT Elite - Lightning Earbuds,Tech,,,FALSE,FALSE,FALSE,6,48,7.99,4,5.2,2,570,0,0,156,0,678,370
20334,VOLT Evolution Earbuds Caddy 6pcs - Display Only,Display,,,FALSE,FALSE,FALSE,,,0,,,,800,0,0,0,0,0,0
20500,VOLT 4FT FC MFI - iPhone,Tech,,,FALSE,FALSE,FALSE,10,100,24.99,14.99,14.99,11.24,0,0,0,0,0,6,6106
20501,VOLT 4FT FC - iPhone,Tech,,,FALSE,FALSE,FALSE,10,100,9.99,5,4.4,2.75,0,0,0,0,600,454,342
20502,VOLT 4FT FC - Type C,Tech,,,FALSE,FALSE,FALSE,10,100,9.99,5,4.4,2.75,0,0,0,0,437,465,1620
20503,VOLT FC Car Charger,Tech,,,FALSE,FALSE,FALSE,10,100,12.99,6.5,6.8,3.58,0,0,0,0,196,1490,637
20504,VOLT FC Wall Charger,Tech,,,FALSE,FALSE,FALSE,10,100,12.99,6.5,6.8,3.58,50,0,0,0,126,1397,174
20505,VOLT FC CUL Wall Charger,Tech,,,FALSE,FALSE,FALSE,10,100,19.99,10.99,8,8.24,0,0,0,0,0,87,630
20510,VOLT Evolution FC Car Charger 20W (Bulk),Tech,,,FALSE,FALSE,FALSE,25,100,12.99,6.5,6.8,3.25,0,0,0,650,0,2800,4480
20511,VOLT Evolution FC Wall Charger 20W (Bulk),Tech,,,FALSE,FALSE,FALSE,16,96,12.99,6.5,6.8,3.25,0,0,0,416,0,1926,2880
20512,VOLT Evolution FC ETL Wall Charger 20W (Bulk),Tech,,,FALSE,FALSE,FALSE,16,96,12.99,6.5,6.8,3.25,2864,0,0,0,0,901,1600
20513,VOLT Evolution FC ETL Wall Charger 20W (Pkg),Tech,,,FALSE,FALSE,FALSE,1,24,14.99,7.5,7.6,3.75,1329,0,0,33,0,169,727
20514,VOLT Evolution FC ETL Wall Charger 30W (Pkg),Tech,,,FALSE,FALSE,FALSE,1,24,16.99,8.5,8.8,4.25,2346,0,0,33,0,345,570
20515,VOLT Evolution FC Car Charger 20W (Pkg),Tech,,,FALSE,FALSE,FALSE,1,24,14.99,7.5,7.6,3.75,3747,0,0,33,0,410,1300
20516,VOLT Evolution FC Car Charger 30W (Pkg),Tech,,,FALSE,FALSE,FALSE,1,24,16.99,8.5,8.8,4.25,2960,0,0,33,0,370,119
20610,VOLT Evolution Counter Tower - Display Only,Display,,,FALSE,FALSE,FALSE,,,0,,,,72,0,0,26,0,75,0
20615,VOLT Evolution Tuff 4 in 1 Shipper - Display Only,Display,,,FALSE,FALSE,FALSE,,,0,,,,310,0,0,11,0,38,47
20620,VOLT 4FT Elite FC - Lightning to Type C,Tech,,,FALSE,FALSE,FALSE,10,100,9.99,5,5.2,3,482,0,0,0,998,1025,1950
20621,VOLT 4FT Elite - Type C to Type C,Tech,,,FALSE,FALSE,FALSE,10,100,9.99,5,5.2,3,348,0,0,0,852,964,1236
20622,VOLT 4FT Elite - Lightning Earbuds,Tech,,,FALSE,FALSE,FALSE,10,100,9.99,5,5.2,3,0,0,0,0,486,808,0
20623,VOLT 4FT Elite - Type C Earbuds,Tech,,,FALSE,FALSE,FALSE,10,100,9.99,5,5.2,3,712,0,0,0,411,993,3208
20624,VOLT 4FT Elite - Lightning to Aux Cord,Tech,,,FALSE,FALSE,FALSE,10,100,9.99,5,5.2,3,712,0,0,0,627,1163,3741
20625,VOLT 4FT Elite - Type C to Aux Cord,Tech,,,FALSE,FALSE,FALSE,10,100,9.99,5,5.2,3,812,0,0,0,541,944,3228
20626,VOLT 4FT Elite - Lightning to Aux Adapter,Tech,,,FALSE,FALSE,FALSE,10,100,9.99,5,5.2,3,712,0,0,0,793,1427,2858
20627,VOLT 4FT Elite - Type C to Aux Adapter,Tech,,,FALSE,FALSE,FALSE,10,100,9.99,5,5.2,3,712,0,0,0,761,1235,3638
20628,VOLT Elite - Twin USB / FC Car Charger,Tech,,,FALSE,FALSE,FALSE,20,100,12.99,6.5,7.6,3.9,567,0,0,0,4,1099,0
20629,VOLT Elite - Twin USB / FC Wall Charger,Tech,,,FALSE,FALSE,FALSE,10,100,14.99,7.5,7.6,4.5,600,25,0,0,10,485,45
20630,VOLT Elite Wireless Earbuds,Tech,,,FALSE,FALSE,FALSE,20,20,19.99,12,12,7.2,5013,0,0,0,15,1389,577
20631,VOLT 4FT Elite FC MFI - Lightning to Type C,Tech,,,FALSE,TRUE,FALSE,,,0,,,1.31,0,0,0,0,0,0,0
20711,4 Sided Floor Display - Display Only,Display,,,FALSE,TRUE,FALSE,,1,0,0,,0,0,0,0,0,0,0,0
20711 - DV,Black Metal Divider Only  (Metal Basket),Display,,,FALSE,FALSE,FALSE,,,0,,,,1994,0,0,0,0,0,23
20711 - HPB Header,HOT PICKS Bilingual Signage for 4 Sided Rack (Header),Display,,,FALSE,FALSE,FALSE,,,0,,,,5,0,0,0,0,0,20
20711 - HPB Side,HOT PICKS Bilingual Signage for 4 Sided Rack (Sides),Display,,,FALSE,FALSE,FALSE,,,0,,,,0,0,0,0,0,0,0
20711 - HPE Header,HOT PICKS English Signage for 4 Sided Rack (Header),Display,,,FALSE,FALSE,FALSE,,,0,,,,58,0,0,0,0,0,92
20711 - HPE Side,HOT PICKS English Signage for 4 Sided Rack (Sides),Display,,,FALSE,FALSE,FALSE,,,0,,,,0,0,0,0,0,0,48
20711 - ND,Black Metal Basket - No Divider (4 Sided / Wing  Display),Display,,,FALSE,FALSE,FALSE,,26,0,,,,507,0,0,0,0,0,0
20711 - PH,Black Metal Peg Hook Only  (Peg),Display,,,FALSE,FALSE,FALSE,,,0,,,,8969,0,0,0,0,430,55
20711 - PL,Plexi L Sign Acrylic (4 Sided / Wing Display),Display,,,FALSE,FALSE,FALSE,,,0,,,,1056,0,0,0,0,0,0
20711 - PS,Plexi S Sign Acrylic (4 Sided / Wing  Display),Display,,,FALSE,FALSE,FALSE,,,0,,,,1010,0,0,0,0,0,16
20711 - SH,Black Metal Top Sign Holder,Display,,,FALSE,FALSE,FALSE,,,0,,,,70,0,0,0,0,0,9
20711 - ST,Header Sign Cool Tats / Sticker Kraze (4 Sided / Wing Display),Display,,,FALSE,FALSE,FALSE,,,0,,,,27,0,0,0,0,0,73
20711 - TS,Side Strip Cool Tats (4 Sided Display),Display,,,FALSE,FALSE,FALSE,,,0,,,,25,0,0,0,0,0,10
20711 - V2,4 Sided Spinning Rack Rev.2 - Display Only,Display,,,FALSE,TRUE,FALSE,,,0,,,,1,0,0,0,0,6,1
20711 - V3,4 Sided Spinning Rack Rev.3 - Display Only,Display,,,FALSE,FALSE,FALSE,,1,0,,,,69,0,0,0,0,0,12
21652,COOL TATS - Full Tat 2PK,Gen Merch,,,FALSE,FALSE,FALSE,20,200,12.99,6.5,5.85,3.9,41870,0,9400,0,1080,73,1003
21654,COOL TATS - Half Tat 2PK,Gen Merch,,,FALSE,FALSE,FALSE,20,200,8.99,4.5,4.05,2.7,37002,0,9400,0,1124,535,9228
21656,COOL TATS - Small Tat 1PK,Gen Merch,,,FALSE,FALSE,FALSE,20,200,5.99,3,2.7,1.8,3461,0,9400,0,1405,1038,1326
21660,Cool Tats Dual Clip Strip (60pcs) - Kit,Kits,,,FALSE,TRUE,FALSE,,,0,,,,0,0,0,0,0,0,0
21661,Cool Tats Counter Display Rack (200pc),Display,,,FALSE,FALSE,FALSE,,,0,,,,0,0,0,0,0,9,0
21701,INK EXPRESSION Single Piece,Gen Merch,,,FALSE,TRUE,FALSE,,,0,2,,1.2,0,0,0,0,0,0,0
223-90020,Die Cast Cars Assortment A,Die Cast Car,,,FALSE,TRUE,FALSE,,,0,,,,0,0,0,0,0,0,0
223-90021,Die Cast Cars Assortment B,Die Cast Car,,,FALSE,TRUE,FALSE,,,0,,,,0,0,0,0,0,0,0
223-90022,Die Cast Cars Assortment C,Die Cast Car,,,FALSE,TRUE,FALSE,,,0,,,,0,0,0,0,0,0,0
223-90023,Die Cast Cars Assortment D,Die Cast Car,,,FALSE,TRUE,FALSE,,,0,,,,0,0,0,0,0,0,0
223-90024,Die Cast Cars Assortment E,Die Cast Car,,,FALSE,TRUE,FALSE,,,0,,,,0,0,0,0,0,0,0
223-90025,Die Cast Cars Assortment F,Die Cast Car,,,FALSE,TRUE,FALSE,,,0,,,,0,0,0,0,0,0,0
223-90026,Die Cast Cars Assortment G,Die Cast Car,,,FALSE,TRUE,FALSE,,,0,,,,0,0,0,0,0,0,0
25250,THE BUTCHER 175g Jerky - Original,Meat,AB,CA,FALSE,FALSE,FALSE,1,30,23.99,15.59,15.35,11.69,0,0,0,0,0,8,11
25251,THE BUTCHER 175g Jerky -Teriyaki,Meat,AB,CA,FALSE,FALSE,FALSE,1,30,23.99,15.59,15.35,11.69,0,0,0,0,0,200,20
25252,THE BUTCHER 175g Jerky - Sweet 'N Heat,Meat,AB,CA,FALSE,FALSE,FALSE,1,30,23.99,15.59,15.35,11.69,0,0,0,0,0,0,1
25253,THE BUTCHER 175g Jerky - Smokin' Hickory,Meat,AB,CA,FALSE,FALSE,FALSE,1,30,23.99,15.59,15.35,11.69,0,0,0,0,0,124,177
25254,KOKUM 175g Jerky - Original,Meat,AB,CA,FALSE,FALSE,FALSE,1,30,23.99,15.59,15.35,11.69,0,0,0,0,0,17,0
25255,KOKUM 175g Jerky -Teriyaki,Meat,AB,CA,FALSE,FALSE,FALSE,1,30,23.99,15.59,15.35,11.69,0,0,0,0,0,6,0
25256,KOKUM 175g  Jerky - Smokin' Hickory,Meat,AB,CA,FALSE,FALSE,FALSE,1,30,23.99,15.59,15.35,11.69,0,0,0,0,0,11,0
25257,KOKUM 175g Jerky - Sweet 'N Heat,Meat,AB,CA,FALSE,FALSE,FALSE,1,30,23.99,15.59,15.35,11.69,0,0,0,0,0,0,0
25260,THE BUTCHER 224g Slab Jerky 8pc Bag - Original,Meat,,CA,FALSE,FALSE,FALSE,1,20,39.92,25.95,25.55,19.46,0,0,0,0,0,381,86
25261,THE BUTCHER 224g Slab Jerky 8pc Bag - Teriyaki,Meat,,CA,FALSE,FALSE,FALSE,1,20,39.92,25.95,25.55,19.46,0,0,0,0,0,206,233
25262,THE BUTCHER 224g Slab Jerky 8pc Bag - Sweet Chili,Meat,,,FALSE,TRUE,FALSE,1,30,0,,25.55,,0,0,0,0,0,0,0
25266,"THE BUTCHER 50g Meat Sticks 8"" - Landjaeger Original",Meat,,,FALSE,TRUE,FALSE,8,160,0,,15.36,,0,0,0,0,0,0,0
25267,"THE BUTCHER 50g Meat Sticks 8"" - Garlic",Meat,,,FALSE,TRUE,FALSE,8,160,0,,15.36,,0,0,0,0,0,0,0
25268,"THE BUTCHER 25g Meat Sticks 4"" - Landjaeger Original",Meat,,,FALSE,TRUE,FALSE,8,320,0,,8.45,,0,0,0,0,0,0,0
25269,"THE BUTCHER 25g Meat Sticks 4"" - Garlic",Meat,,,FALSE,TRUE,FALSE,8,320,0,,8.45,,0,0,0,0,0,0,0
25270,KOKUM 75g Jerky - Original,Meat,AB,CA,FALSE,FALSE,FALSE,1,50,12.99,8.44,8.31,6.33,0,0,0,0,0,0,0
25271,KOKUM 75g Jerky - Teriyaki,Meat,AB,CA,FALSE,FALSE,FALSE,1,50,12.99,8.44,8.31,6.33,0,0,0,0,0,0,0
25272,KOKUM 75g Jerky - Smokin' Hickory,Meat,AB,CA,FALSE,FALSE,FALSE,1,50,12.99,8.44,8.31,6.33,0,0,0,0,0,0,0
25273,KOKUM 75g Jerky - Sweet 'N Heat,Meat,AB,CA,FALSE,FALSE,FALSE,1,50,12.99,8.44,8.31,6.33,0,0,0,0,0,1,0
25301,THE BUTCHER 15g Biltong Jerky - Old Fashion Original,Meat,,,FALSE,TRUE,FALSE,30,,0,,,,0,0,0,0,0,0,0
25302,THE BUTCHER 15g Biltong Jerky - Teriyaki,Meat,,,FALSE,TRUE,FALSE,30,,0,,,,0,0,0,0,0,0,0
25303,THE BUTCHER 15g Biltong Jerky - Smokin' Hickory,Meat,,,FALSE,TRUE,FALSE,30,,0,,,,0,0,0,0,0,0,0
25304,THE BUTCHER 15g Biltong Jerky - Sweet 'N Heat,Meat,,,FALSE,TRUE,FALSE,30,,0,,,,0,0,0,0,0,0,0
25305,THE BUTCHER 40g Biltong Jerky - Old Fashion Original,Meat,,,FALSE,TRUE,FALSE,24,,0,,,,0,0,0,0,0,0,0
25306,THE BUTCHER 40g Biltong Jerky - Teriyaki,Meat,,,FALSE,TRUE,FALSE,24,,0,,,,0,0,0,0,0,0,0
25307,THE BUTCHER 40g Biltong Jerky - Smokin' Hickory,Meat,,,FALSE,TRUE,FALSE,24,,0,,,,0,0,0,0,0,0,0
25308,THE BUTCHER 40g Biltong Jerky - Sweet 'N Heat,Meat,,,FALSE,TRUE,FALSE,24,,0,,,,0,0,0,0,0,0,0
30224,ZAKS 2.0oz Steak Strips - Original,Meat,,US,FALSE,FALSE,FALSE,,,0,5.19,,,0,0,0,0,5,0,0
30225,ZAKS 2.0oz Steak Strips - Peppered,Meat,,US,FALSE,FALSE,FALSE,,,0,5.19,,,0,0,0,0,6,0,0
30226,ZAKS 2.0oz Steak Strips - Sweet Chili,Meat,,US,FALSE,FALSE,FALSE,,,0,5.19,,,0,0,0,0,2,0,0
30227,ZAKS 2.0oz Steak Strips - Garlic,Meat,,US,FALSE,FALSE,FALSE,,,0,5.19,,,0,0,0,0,0,0,0
30246,ZAKS 2.0oz Steak Strips - Teriyaki,Meat,,US,FALSE,FALSE,FALSE,,,0,5.19,,,0,0,0,0,0,0,0
30300,VOLT Emergency TT Keychain.,Tech,,,FALSE,FALSE,FALSE,10,100,7.99,4,4,2.2,149,280,0,0,240,1384,3959
3050,Display Free Standing Wing Cream,Blades,,,FALSE,TRUE,FALSE,,,0,,,,0,0,0,0,0,0,0
30500,VOLT FC Emergency DT Keychain,Tech,,,FALSE,FALSE,FALSE,10,100,9.99,5,5.2,2.75,240,200,6360,0,36,1781,5192
30511,Side Panel Strip - VOLT CHARGERS,Display,,,FALSE,TRUE,FALSE,,,0,,,,13,0,0,0,0,0,8
30512,Header Card - VOLT KEYCHAIN CHARGERS,Display,,,FALSE,TRUE,FALSE,,,0,,,,0,0,0,0,0,0,8
32350,BAGSWAG - Bagtag,Gen Merch,,,FALSE,FALSE,FALSE,5,180,5.99,3,3,1.5,20354,0,0,0,408,238,548
32354,Side Panel Strip - BAGSWAG,Display,,,FALSE,TRUE,FALSE,,,0,,,,116,0,0,0,0,0,0
360008,WARP WORM Original Toy,Gen Merch,,,FALSE,TRUE,FALSE,28,,4.99,2.5,3,1.5,0,0,0,0,196,1441,479
360008-GLGD,WARP WORM Glitter & Glow in Dark Toy,Gen Merch,,,FALSE,TRUE,FALSE,28,,4.99,2.5,3,1.5,0,0,0,0,224,252,0
360008-MC,WARP WORM Multi Color Toy,Gen Merch,,,FALSE,TRUE,FALSE,28,,4.99,2.5,3,1.5,0,0,0,0,224,252,0
40101,VOLT 10FT Classic FC - iPhone,Tech,,,FALSE,FALSE,FALSE,10,100,10.99,5.5,6,3.03,0,0,0,0,698,1443,571
40102,VOLT 10FT Classic FC - Type C,Tech,,,FALSE,FALSE,FALSE,10,100,10.99,5.5,6,3.03,0,70,0,0,397,944,773
40103,VOLT 10FT Select FC - iPhone,Tech,,,FALSE,FALSE,FALSE,10,100,10.99,5.5,5.5,3.03,918,0,0,0,715,585,2769
40104,VOLT 10FT Select FC - Type C,Tech,,,FALSE,FALSE,FALSE,10,100,10.99,5.5,5.5,3.03,8,0,0,0,594,130,0
40105,VOLT 10FT Studio FC - iPhone,Tech,,,FALSE,FALSE,FALSE,10,100,10.99,5.5,5.5,3.03,1893,0,0,0,509,596,1655
40106,VOLT 10FT Studio FC - Type C,Tech,,,FALSE,FALSE,FALSE,10,100,10.99,5.5,5.5,3.03,0,0,0,0,458,5,0
40107,VOLT 10FT FC - Double Tip,Tech,,,FALSE,FALSE,FALSE,10,100,19.99,10,10,5.5,120,0,0,0,787,505,19
40110,VOLT 10FT Classic FC MFI - iPhone,Tech,,,FALSE,TRUE,FALSE,,,0,,,,0,0,0,0,0,0,0
40111,VOLT 10FT Studio FC MFI - iPhone,Tech,,,FALSE,TRUE,FALSE,,,0,,,,0,0,0,0,0,0,0
40112,VOLT 10FT Select FC MFI - iPhone,Tech,,,FALSE,TRUE,FALSE,,,0,,,,0,0,0,0,0,0,0
40120,VOLT Evolution Prime 10FT FC - iPhone,Tech,,,FALSE,TRUE,FALSE,10,100,14.99,7.49,7.49,5.24,0,0,0,0,0,0,0
40121,VOLT Evolution Delux 10FT FC - iPhone,Tech,,,FALSE,TRUE,FALSE,10,100,14.99,7.49,7.49,5.24,0,0,0,0,0,0,0
40122,VOLT Evolution Prime 10FT FC - Type C,Tech,,,FALSE,TRUE,FALSE,10,100,14.99,7.49,7.49,5.24,0,0,0,0,0,0,0
40123,VOLT Evolution Delux 10FT FC - Type C,Tech,,,FALSE,TRUE,FALSE,10,100,14.99,7.49,7.49,5.24,0,0,0,0,0,0,0
40124,VOLT Evolution Prime 10FT FC - Double Tip,Tech,,,FALSE,TRUE,FALSE,10,100,24.99,12.49,12.49,8.74,0,0,0,0,0,0,0
410-90020,Die Cast Cars Assortment A - F,Die Cast Car,,,FALSE,TRUE,FALSE,,,0,,,,0,0,0,0,0,0,0
410-90021,Die Cast Cars Assortment B,Die Cast Car,,,FALSE,TRUE,FALSE,,,0,,,,0,0,0,0,0,0,0
410-90022,Die Cast Cars Assortment C,Die Cast Car,,,FALSE,TRUE,FALSE,,,0,,,,0,0,0,0,0,0,0
410-90023,Die Cast Cars Assortment D,Die Cast Car,,,FALSE,TRUE,FALSE,,,0,,,,0,0,0,0,0,0,0
410-90024,Die Cast Cars Assortment E,Die Cast Car,,,FALSE,TRUE,FALSE,,,0,,,,0,0,0,0,0,0,0
410-90025,Die Cast Cars Assortment F,Die Cast Car,,,FALSE,TRUE,FALSE,,,0,,,,0,0,0,0,0,0,0
41102,VOLT 10FT FC/Designer - Spinner Rack - Display Only,Display,,,FALSE,FALSE,FALSE,,,0,0,0,0,28,0,0,0,0,0,0
41102 - ACS,Spinner Rack Peg Ring Accessories,Display,,,FALSE,FALSE,FALSE,,,0,,,,0,0,0,0,0,0,0
42372,KEYSTEEZ - Keychain,Gen Merch,,,FALSE,FALSE,FALSE,5,500,5.99,3,3,1.5,22641,0,0,0,363,650,1368
42376,Side Panel Strip - KEYSTEEZ,Display,,,FALSE,FALSE,FALSE,,,0,,,,129,1,0,0,0,0,1
43210,ZAKS 224g Slab Jerky 8pc Bag - Original,Meat,,CA,FALSE,FALSE,FALSE,1,20,39.92,25.95,25.55,19.46,0,0,0,0,0,0,593
43211,ZAKS 224g Slab Jerky 8pc Bag - Teriyaki,Meat,,CA,FALSE,FALSE,FALSE,1,20,39.92,25.95,25.55,19.46,0,0,0,0,0,0,474
43213,ZAKS 224g Slab Jerky 8pc Bag - Sweet Chili,Meat,,CA,FALSE,FALSE,FALSE,1,20,39.92,25.95,25.55,19.46,0,0,0,0,0,0,180
43301,ZAKS 150g Cattle Candy Beef Jerky - Original,Meat,,CA,FALSE,FALSE,FALSE,5,40,19.99,12.99,12.39,9.75,0,0,0,0,0,0,0
43302,ZAKS 150g Cattle Candy Beef Jerky - Teriyaki,Meat,,CA,FALSE,FALSE,FALSE,5,40,19.99,12.99,12.39,9.75,0,0,0,0,0,0,0
43303,ZAKS 150g Cattle Candy Beef Jerky - Peppered,Meat,,CA,FALSE,FALSE,FALSE,5,40,19.99,12.99,12.39,9.75,0,0,0,0,0,0,0
43304,ZAKS 150g Cattle Candy Beef Jerky - Sweet Bourbon,Meat,,CA,FALSE,TRUE,FALSE,,,0,,,,0,0,0,0,0,0,0
43305,ZAKS 150g Cattle Candy Beef Jerky - Smoke Pit,Meat,,CA,FALSE,FALSE,FALSE,5,40,19.99,12.99,12.39,9.75,0,0,0,0,0,0,0
43306,ZAKS 150g Cattle Candy Beef Jerky - Honey Habanero,Meat,,CA,FALSE,TRUE,FALSE,,,0,,,,0,0,0,0,0,0,0
43307,ZAKS 150g Cattle Candy Beef Jerky - Spicy Hot,Meat,,CA,FALSE,FALSE,FALSE,5,40,19.99,12.99,12.39,9.75,0,0,0,0,0,0,0
43308,ZAKS 150g Cattle Candy Beef Jerky - Maui Sweet Onion,Meat,,CA,FALSE,TRUE,FALSE,,,0,,,,0,0,0,0,0,0,0
43309,ZAKS 150g Cattle Candy Beef Jerky - Black Cherry,Meat,,CA,FALSE,FALSE,FALSE,5,40,19.99,12.99,12.39,9.75,0,0,0,0,0,0,0
50320,"STICKER KRAZE - Outdoor Series 1 (3"")",Gen Merch,,,FALSE,FALSE,FALSE,10,2160,4.99,2.5,2.25,1.25,83064,0,1910,0,3018,2852,4058
50321,"STICKER KRAZE - Trendy Series 1 (3"")",Gen Merch,,,FALSE,FALSE,FALSE,10,2160,4.99,2.5,2.25,1.25,83603,0,2320,0,3445,2556,5713
50322,"STICKER KRAZE - Hologram Series 2 (3"")",Gen Merch,,,FALSE,FALSE,FALSE,10,2160,4.99,2.5,2.25,1.25,43989,0,0,0,3502,3336,5957
50323,"STICKER KRAZE - Chrome Series 2 (3"")",Gen Merch,,,FALSE,FALSE,FALSE,10,2160,4.99,2.5,2.25,1.25,42818,0,0,0,3888,3162,6237
50324,"STICKER KRAZE - Patriot Series 3 (5"")",Gen Merch,,,FALSE,FALSE,FALSE,10,2160,5.99,3,3,1.5,554,0,2239,0,3300,0,0
50325,"STICKER KRAZE - Sayings Series 5  (5"")",Gen Merch,,,FALSE,FALSE,FALSE,10,2160,5.99,3,3,1.5,0,0,0,0,2711,2510,0
50326,"STICKER KRAZE - Hologram Series 5 (5"")",Gen Merch,,,FALSE,FALSE,FALSE,10,2160,5.99,3,2.7,1.5,100207,0,2670,0,1975,4244,7751
50327,"STICKER KRAZE - Chrome Series 5 (5"")",Gen Merch,,,FALSE,FALSE,FALSE,10,2160,5.99,3,2.7,1.5,110348,0,2740,0,2421,2941,3409
50339,Side Panel Strip - STICKER KRAZE,Display,,,FALSE,TRUE,FALSE,,,0,,,,96,0,0,0,0,0,3
50341,Side Panel Strip - Die Cast Cars,Display,,,FALSE,TRUE,FALSE,,,0,,,,16,0,0,0,0,0,0
50343,Header Card - Die Cast Cars,Display,,,FALSE,TRUE,FALSE,,,0,,,,82,0,0,0,0,0,8
50555,VOLT Designer CUL Certified Wall Charger,Tech,,,FALSE,FALSE,FALSE,10,100,13.99,8.39,8.39,6.29,0,0,0,0,0,0,3383
50556,VOLT Designer Wall Charger - Double USB,Tech,,,FALSE,FALSE,FALSE,10,100,10.99,5.5,5.5,3.03,0,0,0,0,413,460,1453
50557,VOLT Designer Car Charger - Double USB,Tech,,,FALSE,FALSE,FALSE,10,100,9.99,5,5,2.75,0,0,0,0,6,491,2275
50560,VOLT Evolution FC Car Charger 30W (Bulk),Tech,,,FALSE,FALSE,FALSE,25,100,14.99,7.5,8,3.75,0,0,0,650,0,2445,2300
50561,VOLT Evolution FC Wall Charger 30W (Bulk),Tech,,,FALSE,FALSE,FALSE,16,96,14.99,7.5,8,3.75,0,0,0,416,0,1748,2676
50562,VOLT Evolution FC ETL Wall Charger 30W (Bulk),Tech,,,FALSE,FALSE,FALSE,16,96,14.99,7.5,8,3.75,3152,0,0,0,0,928,2272
50701,Power Bank A,Tech,,,FALSE,TRUE,FALSE,,,0,,,,0,0,0,0,0,0,0
50702,Power Bank B,Tech,,,FALSE,TRUE,FALSE,,,0,,,,0,0,0,0,0,0,0
50703,Power Bank C,Tech,,,FALSE,TRUE,FALSE,,,0,,,,0,0,0,0,0,0,0
50704,Power Bank D,Tech,,,FALSE,TRUE,FALSE,,,0,,,,0,0,0,0,0,0,0
50708,Real IPX-7 Water Proof Bluetooth Speaker - 1200mAh,Tech,,,FALSE,TRUE,FALSE,,,0,,,,0,0,0,0,0,0,0
50709,IPX-7 Water Proof Bluetooth Speaker - 2000mAh,Tech,,,FALSE,TRUE,FALSE,,,0,,,,0,0,0,0,0,0,0
51301,STICKER KRAZE - Bamboo Series,Gen Merch,,,FALSE,FALSE,FALSE,10,2160,4.99,2.5,2.5,1.25,71734,0,1586,0,805,8190,19350
51728,Rocket Scent - Air Freshener,Gen Merch,,,FALSE,TRUE,FALSE,,,4.99,2.49,2.49,2.49,0,0,0,0,0,2320,0
52000,CHEEKY MONKEY 96pc Gummy and Sour Candy Cones - Display Only,Display,,,FALSE,FALSE,FALSE,,,0,,,,1551,0,0,0,25,17,142
52001,"CHEEKY MONKEY - 7oz / 200g Gummy Candy Cones (11"")",Candy,,,FALSE,FALSE,FALSE,12,48,2.5,1.63,1.63,1.22,20064,0,0,0,0,2902,6384
52002,"CHEEKY MONKEY - 7oz / 200g Sour Candy Cones (11"")",Candy,,,FALSE,FALSE,FALSE,12,48,2.5,1.63,1.63,1.22,24240,0,0,0,0,1778,4596
52501,CHEEKY - 2oz/56g Freeze Dried Candy Watermelon,Candy,,,FALSE,FALSE,FALSE,,24,2.5,1.53,1.25,1.22,1392,0,8856,0,648,3852,7565
52502,CHEEKY - 2oz/56g Freeze Dried Candy Peaches,Candy,,,FALSE,FALSE,FALSE,,24,2.5,1.53,1.25,1.22,3000,0,7968,0,265,2660,7992
52503,CHEEKY - 2.7oz/75g Freeze Dried Candy Fruit Chews,Candy,,,FALSE,FALSE,FALSE,,24,2.5,1.53,1.25,1.22,125160,0,37320,0,169,2738,10872
52504,CHEEKY - 2oz/56g Freeze Dried Candy Sour Worms,Candy,,,FALSE,FALSE,FALSE,,24,2.5,1.53,1.25,1.22,14712,0,12312,0,611,4101,5568
52505,CHEEKY - 1.4oz/40g Freeze Dried Candy Bears,Candy,,,FALSE,FALSE,FALSE,,24,2.5,1.53,1.25,1.22,15192,0,22704,0,885,4427,6073
52506,CHEEKY - 1.8oz/50g Freeze Dried Candy Spicy Strawberry,Candy,,,FALSE,FALSE,FALSE,,24,2.5,1.53,1.25,1.22,13508,0,552,0,936,2668,1712
52507,CHEEKY - 1.4oz/40g Freeze Dried Candy Pineapple,Candy,,,FALSE,FALSE,FALSE,,24,2.5,1.53,1.25,1.22,2880,0,16296,0,0,5174,13392
52509,CHEEKY - 2.7oz/75g Freeze Dried Candy Sour Fruit Chews,Candy,,,FALSE,FALSE,FALSE,,24,2.5,1.53,1.25,1.22,0,0,0,0,0,3332,11784
52550,Cheeky Freeze Dried Candy Spinning Rack,Display,,,FALSE,FALSE,FALSE,,,0,,,,326,10,4,0,0,10,0
52601,Poppin' Frogs Candy - 0.60oz / 17g,Candy,,,FALSE,TRUE,FALSE,12,48,0,,,,0,0,0,0,0,0,0
52602,Wild Crocs Candy - 0.28oz / 8g,Candy,,,FALSE,TRUE,FALSE,12,144,0,,,,0,0,0,0,0,0,0
52603,Party Sharks Candy 0.56oz / 16g,Candy,,,FALSE,TRUE,FALSE,12,48,0,,,,0,0,0,0,0,0,0
52604,Sour Rockstar Roll Licker Candy 2.54oz / 75ml,Candy,,,FALSE,FALSE,FALSE,12,96,3.69,2.22,2.22,1.33,16836,0,31680,0,0,1628,6672
52605,TNT Sour Stix Candy 1.8oz / 50g,Candy,,,FALSE,FALSE,FALSE,12,144,2.99,1.8,1.8,1.08,43140,0,48528,0,0,4530,5016
52606,Squeeze Team Heroes Candy 1.4oz / 40g,Candy,,,FALSE,FALSE,FALSE,12,72,2.99,1.8,1.8,1.08,8940,0,16200,0,0,2577,1968
52607,Gorilla Squeeze Duo Slime Sour Candy 2.67oz / 56ml,Candy,,,FALSE,FALSE,FALSE,12,144,2.49,1.5,1.5,0.9,27732,0,47952,0,0,4678,14880
54545 - B,THE BUTCHER Hanging Wire Rack - Display Only,Display,,,FALSE,FALSE,FALSE,,10,0,,,,0,0,0,0,0,24,439
54545 - Z,ZAKS Hanging Wire Rack - Display Only,Display,,,FALSE,FALSE,FALSE,,10,0,,,,0,0,0,0,0,33,449
54545-PH5,"Metal Peg (5"") Hanging Wire Rack",Display,,,FALSE,FALSE,FALSE,,,0,,,,0,0,0,0,0,0,0
54550 - B,THE BUTCHER Adjustable Pegboard Rack - Display Only,Display,,,FALSE,FALSE,FALSE,,8.024E+11,0,,,,35,0,0,0,0,0,6
54550 - K,KOKUM Adjustable Pegboard Rack - Display Only,Display,AB,CA,FALSE,FALSE,FALSE,,8.024E+11,0,,,,16,0,0,0,0,2,13
54550 - SB,Signage Set - THE BUTCHER Adjustable Pegboard Rack,Display,,,FALSE,FALSE,FALSE,,,0,,,,250,0,0,0,0,0,0
54550 - SK,Signage Set - KOKUM Adjustable Pegboard Rack,Display,AB,CA,FALSE,FALSE,FALSE,,,0,,,,50,0,0,0,0,0,0
54550 - SZ,Signage Set - ZAKS Adjustable Pegboard Rack,Display,,,FALSE,FALSE,FALSE,,,0,,,,150,0,0,0,0,0,0
54550 - Z,ZAKS Adjustable Pegboard Rack - Display Only,Display,,,FALSE,FALSE,FALSE,,8.024E+11,0,,,,66,0,0,0,0,0,4
60100,CAMPERS - Campfire Sticks,Gen Merch,,,FALSE,FALSE,FALSE,,,9.99,6,6,3.6,0,0,0,0,1949,481,920
62150,THE BUTCHER 5.3oz Landjaeger - Original,Meat,,US,FALSE,FALSE,FALSE,,,0,5.84,,,0,0,0,0,217,0,0
62151,THE BUTCHER 5.3oz Landjaeger - Hot,Meat,,US,FALSE,FALSE,FALSE,,,0,5.84,,,0,0,0,0,332,0,0
62152,THE BUTCHER 5.3oz - Garlic Stick,Meat,,US,FALSE,FALSE,FALSE,,,0,5.84,,,0,0,0,0,252,0,0
62153,THE BUTCHER 5.3oz - Pepper Stick,Meat,,US,FALSE,FALSE,FALSE,,,0,5.84,,,0,0,0,0,253,0,0
68240C,Die Cast 1/24 Hummer H3 - Red / Yellow / White,Die Cast Car,,,FALSE,TRUE,FALSE,,,0,,,,0,0,0,0,0,0,0
68242C,Die Cast 1/24 Porsche Carrera GT - Red/Silver/Yellow,Die Cast Car,,,FALSE,TRUE,FALSE,,,0,,,,0,0,0,0,0,0,0
68243C,Die Cast 1/24 Porsche 918 Spyder - Blue/Grey,Die Cast Car,,,FALSE,TRUE,FALSE,,,0,,,,0,0,0,0,0,0,0
68251C,Die Cast 1/24 BMW Z4 GT3 - Black / Blue,Die Cast Car,,,FALSE,TRUE,FALSE,,,0,,,,0,0,0,0,0,0,0
68253C,Die Cast 1/24 Lamborghini Gallardo - Purple/Green,Die Cast Car,,,FALSE,TRUE,FALSE,,,0,,,,0,0,0,0,0,0,0
68254C,Die Cast 1/24 Lamborghini Aventador Coupe - Blue / Yellow,Die Cast Car,,,FALSE,TRUE,FALSE,,,0,,,,0,0,0,0,0,0,0
68255C,Die Cast 1/24 BMW M6 GT3 - White / Silver Blue,Die Cast Car,,,FALSE,TRUE,FALSE,,,0,,,,0,0,0,0,0,0,0
68256C,Die Cast 1/24 BMW M4 DTM - White / Yellow,Die Cast Car,,,FALSE,TRUE,FALSE,,,0,,,,0,0,0,0,0,0,0
68259C,Die Cast 1/24 Bentley Continental Supersports - White / Grey,Die Cast Car,,,FALSE,TRUE,FALSE,,,0,,,,0,0,0,0,0,0,0
68260C,Die Cast 1/24 BMW Z4 GT3 - White,Die Cast Car,,,FALSE,TRUE,FALSE,,,0,,,,0,0,0,0,0,0,0
68262C,Die Cast 1/24 Audi R8 LMS - Red / White,Die Cast Car,,,FALSE,TRUE,FALSE,,,0,,,,0,0,0,0,0,0,0
68263C,Die Cast 1/26 Range Rover - Orange / Silver Blue,Die Cast Car,,,FALSE,TRUE,FALSE,,,0,,,,0,0,0,0,0,0,0
68264C,Die Cast 1/24 Pagani Huayra Roadster - Orange / Blue / Red,Die Cast Car,,,FALSE,TRUE,FALSE,,,0,,,,0,0,0,0,0,0,0
68266C,Die Cast 1/24 Bentley Continental GT3 - White / Black,Die Cast Car,,,FALSE,TRUE,FALSE,,,0,,,,0,0,0,0,0,0,0
68267C,Die Cast 1/24 Bentley Continental GT3 - Grey,Die Cast Car,,,FALSE,TRUE,FALSE,,,0,,,,0,0,0,0,0,0,0
68269A,Die Cast 1/24 Lamborghini SVJ - White / Black,Die Cast Car,,,FALSE,TRUE,FALSE,,,0,,,,0,0,0,0,0,0,0
68271A,Die Cast 1/18 Suzuki Jimny - Black / Green / Silver,Die Cast Car,,,FALSE,TRUE,FALSE,,,0,,,,0,0,0,0,0,0,0
68274C,Die Cast 1/24 Lamborghini Aventador Roadster - Green / Orange,Die Cast Car,,,FALSE,TRUE,FALSE,,,0,,,,0,0,0,0,0,0,0
68276C,Die Cast 1/24 McLaren 765LT - Yellow / Green / Red,Die Cast Car,,,FALSE,TRUE,FALSE,,,0,,,,0,0,0,0,0,0,0
68279C,Die Cast 1/24 Lamborghini STO - Blue / Green,Die Cast Car,,,FALSE,TRUE,FALSE,,,0,,,,0,0,0,0,0,0,0
68280C,Die Cast 1/24 BMW M4 G82 - White / Yellow,Die Cast Car,,,FALSE,TRUE,FALSE,,,0,,,,0,0,0,0,0,0,0
68282A,Die Cast 1/24 BMW M4 GT3 - White,Die Cast Car,,,FALSE,TRUE,FALSE,,,0,,,,0,0,0,0,0,0,0
68282C,Die Cast 1/24 BMW M4 GT3 - Yellow / Purple / Green,Die Cast Car,,,FALSE,TRUE,FALSE,,,0,,,,0,0,0,0,0,0,0
7.15321E+11,HARDTIMES 1oz Beef Stick - Peppered,Meat,,US,FALSE,FALSE,FALSE,12,144,0,,,,0,0,0,0,0,0,0
7.15321E+11,HARDTIMES 1oz Beef Stick - Habanero,Meat,,US,FALSE,FALSE,FALSE,12,144,0,,,,0,0,0,0,0,0,0
7.15321E+11,DUSTY'S 1oz Beef Stick - Original,Meat,,US,FALSE,FALSE,FALSE,12,144,0,1.29,,,0,0,0,0,445,0,0
7.15321E+11,DUSTY'S 1oz Beef Stick - Peppered,Meat,,US,FALSE,FALSE,FALSE,12,144,0,1.29,,,0,0,0,0,633,0,0
7.15321E+11,DUSTY'S 1oz Beef Stick - Habanero,Meat,,US,FALSE,FALSE,FALSE,12,144,0,1.29,,,0,0,0,0,192,0,0
7.15321E+11,DUSTY'S 1oz Beef Stick - Bacon,Meat,,US,FALSE,FALSE,FALSE,12,144,0,1.29,,,0,0,0,0,585,0,0
7.15321E+11,DUSTY'S 1oz Beef Stick - Teriyaki,Meat,,US,FALSE,FALSE,FALSE,12,144,0,1.29,,,0,0,0,0,0,0,0
7.5983E+11,Boomerang Waterproof Speaker,Tech,,,FALSE,TRUE,FALSE,6,4,0,,,,0,0,0,0,0,0,0
7.5983E+11,Boomerang Waterproof Speaker,Tech,,,FALSE,TRUE,FALSE,6,4,0,,,,0,0,0,0,0,0,0
7.5983E+11,Boomerang Waterproof Speaker,Tech,,,FALSE,TRUE,FALSE,6,4,0,,,,0,0,0,0,0,0,0
7.5983E+11,Boom Speaker,Tech,,,FALSE,TRUE,FALSE,3,2,0,,,,0,0,0,0,0,0,0
7.5983E+11,Boom Speaker,Tech,,,FALSE,TRUE,FALSE,3,2,0,,,,0,0,0,0,0,0,0
7.5983E+11,Boom Speaker,Tech,,,FALSE,TRUE,FALSE,3,2,0,,,,0,0,0,0,0,0,0
7.5983E+11,Boom Speaker,Tech,,,FALSE,TRUE,FALSE,3,2,0,,,,0,0,0,0,0,0,0
7.86382E+11,HARDTIMES Chew,Meat,,US,FALSE,FALSE,FALSE,1,96,0,1.62,,,0,0,0,0,1627,0,0
7.86382E+11,DUSTY'S Chew,Meat,,US,FALSE,FALSE,FALSE,1,96,0,1.62,,,0,0,0,0,695,0,0
7.86382E+11,HARDTIMES 1oz Beef Stick - Original,Meat,,US,FALSE,FALSE,FALSE,12,144,0,1.29,,,0,0,0,0,156,0,0
7.86382E+11,HARDTIMES 1oz Beef Stick - Bacon,Meat,,US,FALSE,FALSE,FALSE,12,144,0,1.29,,,0,0,0,0,68,0,0
7.86382E+11,HARDTIMES 1oz Beef Stick - Teriyaki,Meat,,US,FALSE,FALSE,FALSE,12,144,0,1.29,,,0,0,0,0,35,0,0
8.50003E+11,Snap Away Ring & Dual Tripod,Tech,,,FALSE,TRUE,FALSE,12,4,0,,,,0,0,0,0,0,0,0
8.50003E+11,Snap Away Ring & Charging Cord,Tech,,,FALSE,TRUE,FALSE,24,2,0,,,,0,0,0,0,0,0,0
8.50039E+11,DUSTY'S 3oz Beef Jerky - Teriyaki,Meat,,US,FALSE,FALSE,FALSE,12,48,0,6.49,,,0,0,0,0,8,0,0
8.50039E+11,DUSTY'S 3oz Beef Jerky - Original,Meat,,US,FALSE,FALSE,FALSE,12,48,0,6.49,,,0,0,0,0,0,0,0
8.50039E+11,DUSTY'S 3oz Beef Jerky - Pepper,Meat,,US,FALSE,FALSE,FALSE,12,48,0,6.49,,,0,0,0,0,15,0,0
8.50039E+11,DUSTY'S 3oz Beef Jerky - Hot,Meat,,US,FALSE,FALSE,FALSE,12,48,0,6.49,,,0,0,0,0,37,0,0
85460,ZAKS 2oz Slab Jerky - Original,Meat,,US,FALSE,TRUE,FALSE,,,0,,,,0,0,0,0,0,0,0
85461,ZAKS 2oz Slab Jerky - Teriyaki,Meat,,US,FALSE,TRUE,FALSE,,,0,,,,0,0,0,0,0,0,0
85462,ZAKS 2oz Slab Jerky - Sweet Chili,Meat,,US,FALSE,TRUE,FALSE,,,0,,,,0,0,0,0,0,0,0
85471,ZAKS 2oz Slab Jerky - Hot Honey,Meat,,US,FALSE,TRUE,FALSE,,,0,,,,0,0,0,0,0,0,0
85472,ZAKS 2oz Slab Jerky - Maple Brown Sugar,Meat,,US,FALSE,TRUE,FALSE,,,0,,,,0,0,0,0,0,0,0
85473,ZAKS 2oz Slab Jerky - Lemon Peppered,Meat,,US,FALSE,TRUE,FALSE,,,0,,,,0,0,0,0,0,0,0
85474,ZAKS 2oz Slab Jerky - Orange Honey Teriyaki,Meat,,US,FALSE,TRUE,FALSE,,,0,,,,0,0,0,0,0,0,0
85476,THE BUTCHER 2oz Jerky - Original,Meat,,US,FALSE,TRUE,FALSE,10,150,0,5.84,,4.38,0,0,0,0,0,0,0
85477,THE BUTCHER 2oz Jerky - Teriyaki,Meat,,US,FALSE,TRUE,FALSE,10,150,0,5.84,,4.38,0,0,0,0,0,0,0
85478,THE BUTCHER 2oz Jerky - Dill,Meat,,US,FALSE,TRUE,FALSE,10,150,0,5.84,,4.38,0,0,0,0,0,0,0
85479,THE BUTCHER 2oz Jerky - Lemon Pepper,Meat,,US,FALSE,TRUE,FALSE,10,150,0,5.84,,4.38,0,0,0,0,0,0,0
85480,ZAKS 4.2oz Big Bag - Original,Meat,,US,FALSE,FALSE,FALSE,,,0,9.74,,,0,0,0,0,110,0,0
85481,ZAKS 4.2oz Big Bag - Teriyaki,Meat,,US,FALSE,FALSE,FALSE,,,0,9.74,,,0,0,0,0,264,0,0
85483,ZAKS 4.2oz Big Bag - Sweet Chili,Meat,,US,FALSE,FALSE,FALSE,,,0,9.74,,,0,0,0,0,363,0,0
85484,ZAKS 4.2oz Hot Honey Premium Cuts,Meat,,US,FALSE,TRUE,FALSE,1,35,0,,,,0,0,0,0,0,0,0
85485,ZAKS 4.2oz Maple Brown Sugar Premium Cuts,Meat,,US,FALSE,TRUE,FALSE,1,35,0,,,,0,0,0,0,0,0,0
85486,ZAKS 4.2oz Lemon Peppered Premium Cuts,Meat,,US,FALSE,TRUE,FALSE,1,35,0,,,,0,0,0,0,0,0,0
85487,ZAKS 4.2oz Orange Honey Teriyaki Premium Cuts,Meat,,US,FALSE,TRUE,FALSE,1,35,0,,,,0,0,0,0,0,0,0
85501,THE BUTCHER 7.9oz Slab Jerky 8pc Bag - Original,Meat,,US,FALSE,TRUE,FALSE,1,30,0,,,,0,0,0,0,0,0,0
85502,THE BUTCHER 7.9oz Slab Jerky 8pc Bag - Teriyaki,Meat,,US,FALSE,TRUE,FALSE,1,30,0,,,,0,0,0,0,0,0,0
89907,THE BUTCHER 125g Landjaeger - Original,Meat,,CA,FALSE,FALSE,FALSE,5,60,8.99,5.84,5.75,4.38,0,0,0,0,0,286,8
89908,THE BUTCHER 125g Landjaeger - Hot,Meat,,CA,FALSE,FALSE,FALSE,5,60,8.99,5.84,5.75,4.38,0,0,0,0,0,161,1
89909,THE BUTCHER 125g - Garlic Stick,Meat,,CA,FALSE,FALSE,FALSE,5,60,8.99,5.84,5.75,4.38,0,0,0,0,0,201,16
89910,THE BUTCHER 125g - Pepper Stick,Meat,,CA,FALSE,FALSE,FALSE,5,60,8.99,5.84,5.75,4.38,0,0,0,0,0,748,186
91010,DIE CAST CAR Floor Display (264pcs) - Display Only,Display,,,FALSE,TRUE,FALSE,,,0,,,,0,0,0,0,0,0,3
91012,DIE CAST CAR Floor Display (432pcs) - Display Only,Display,,,FALSE,FALSE,FALSE,,,0,,,,0,0,0,0,0,0,0
91013 - 02,Car Shelf V2,Display,,,FALSE,FALSE,FALSE,,36,0,,,,9958,0,0,0,0,30,30
91016,DIE CAST CAR Single Sided Wing Rack (96pcs),Display,,,FALSE,FALSE,FALSE,,,0,,,,0,0,0,0,26,31,0
91016 - S,Signage Set - DIE CAST CARS Wing Rack,Display,,,FALSE,FALSE,FALSE,,,0,,,,450,0,0,0,0,0,0
91016 - S2,Signage Set - DIE CAST CARS Single Rack V2,Display,,,FALSE,FALSE,FALSE,,,0,,,,200,0,0,0,0,0,0
91016 - V2,DIE CAST CAR Single Sided Rack V2 (96pcs),Display,,,FALSE,FALSE,FALSE,,,0,,,,200,0,0,0,0,0,0
91021,DIE CAST CAR Licensed Cars and Truck,Die Cast Car,,,FALSE,FALSE,FALSE,,24,9.99,6,6,4.5,80205,0,0,0,174,3392,0
91022,DIE CAST CAR Truck Mates,Die Cast Car,,,FALSE,FALSE,FALSE,,24,4.99,2.5,,,58,0,0,0,0,1057,13783
91560,Spinner - Clip Rack,Display,,,FALSE,FALSE,FALSE,,,0,,,,375,0,0,0,127,62,0
91560 - SB,Header Sign The Butcher (Clip Strip Display),Display,,,FALSE,FALSE,FALSE,,,0,,,,715,0,0,0,0,0,0
91561,THE BUTCHER Acrylic 2 Bin - Display Only,Display,,,FALSE,FALSE,FALSE,,,0,,,,85,0,0,0,10,2,0
91562 - B,THE BUTCHER 2 Compartments Slab Jerky Display - Display Only,Display,,,FALSE,FALSE,FALSE,,8.024E+11,0,,,,63,0,0,0,0,11,0
91562 - K,KOKUM 2 Compartments Slab Jerky Display - Display Only,Display,AB,CA,FALSE,FALSE,FALSE,,8.024E+11,0,,,,1,0,0,0,0,9,14
91562 - Z,ZAKS 2 Compartments Slab Jerky Display - Display Only,Display,,,FALSE,FALSE,FALSE,,8.024E+11,0,,,,53,0,0,0,0,0,22
91564,THE BUTCHER Pepperoni Stick Counter Display - Display Only,Display,,,FALSE,FALSE,FALSE,1,25,0,,,,0,0,0,0,0,0,0
91610,Cooler Display 110V - Display Only,Display,,CA,FALSE,FALSE,FALSE,,8.024E+11,0,,,,1,0,0,0,0,0,0
91611,Cooler Display Rack,Display,,CA,FALSE,FALSE,FALSE,,,0,,,,300,0,0,0,0,0,0
91612,10FT Extension Cord (White),Display,,CA,FALSE,FALSE,FALSE,,,0,,,,400,0,0,0,0,0,0
91613,3-Outlet Plug with Cord,Display,,CA,FALSE,FALSE,FALSE,,,0,,,,400,0,0,0,0,0,0
93001,3D Minis,Gen Merch,,,FALSE,FALSE,FALSE,60,60,6.99,3.5,3.35,2.1,1680,0,0,0,0,0,2880
93002,3D Creatures,Gen Merch,,,FALSE,FALSE,FALSE,25,25,9.99,5,4.79,3,7412,0,0,0,52,20,1275
93030,Charm Buddies,Gen Merch,,,FALSE,FALSE,FALSE,24,72,6.99,3.5,3.84,2.1,56,0,0,0,288,1543,12074
93031,Charm Buddies 2,Gen Merch,,,FALSE,FALSE,FALSE,24,72,6.99,3.5,3.84,2.1,0,0,0,0,0,0,0
93032,Charm Buddies - Plush Creatures 1,Gen Merch,,,FALSE,FALSE,FALSE,18,216,6.99,3.5,3.84,2.1,0,0,0,0,0,0,0
93033,Charm Buddies - Plush Creatures 2,Gen Merch,,,FALSE,FALSE,FALSE,18,216,6.99,3.5,3.84,2.1,0,0,0,0,0,0,0
93034,Charm Buddies - Plush Bao Bun,Gen Merch,,,FALSE,FALSE,FALSE,18,108,6.99,3.5,3.84,2.1,0,0,0,0,0,0,0
93038,Charm Buddies - 3D Animais,Gen Merch,,,FALSE,FALSE,FALSE,18,216,6.99,3.5,3.84,2.1,0,0,0,0,0,0,0
93039,Charm Buddies - 3D Marine,Gen Merch,,,FALSE,FALSE,FALSE,18,216,6.99,3.5,3.84,2.1,0,0,0,0,0,0,0
93040,Bao Bun Squishy Toy,Gen Merch,,,FALSE,FALSE,FALSE,18,72,6.99,3.85,3.85,2.7,4016,0,0,0,0,25573,19306
93041,Bao Bun Squishy Toy Shipper 72pcs - Display Only,Display,,,FALSE,FALSE,FALSE,,,0,,,,0,0,0,0,0,5,0
93042,Charm Buddies - Bubble Tea,Gen Merch,,,FALSE,FALSE,FALSE,18,216,6.99,3.5,3.84,2.1,0,0,0,0,0,0,0
93043,Charm Buddies - Mocha,Gen Merch,,,FALSE,FALSE,FALSE,18,216,6.99,3.5,3.84,2.1,0,0,0,0,0,0,0
93044,Charm Buddies - Ice Cream,Gen Merch,,,FALSE,FALSE,FALSE,18,216,6.99,3.5,3.84,2.1,0,0,0,0,0,0,0
93045,Charm Buddies - Popsicles,Gen Merch,,,FALSE,FALSE,FALSE,18,216,6.99,3.5,3.84,2.1,0,0,0,0,0,0,0
93050 - BK,3 Tier Black Spinner Counter Rack - Display Only,Display,,,FALSE,FALSE,FALSE,,,0,,,,1,20,0,0,5,12,2
93050 - WH,3 Tier White Spinner Counter Rack - Display Only,Display,,,FALSE,FALSE,FALSE,,,0,,,,40,0,0,0,0,0,0
93051 - AC,Accessories for 5 Tier Spinner Rack (Pole / Header / Base),Display,,,FALSE,FALSE,FALSE,,,0,,,,0,0,0,0,0,0,0
93051 - BK,5 Tier Black Spinner Rack - Display Only,Display,,,FALSE,FALSE,FALSE,,,0,,,,0,0,0,0,0,0,0
93051 - HS,Header Sign - Charm Buddies Rack,Display,,,FALSE,FALSE,FALSE,,,0,,,,400,0,0,0,0,0,0
93051 - PG,12 Peg Metal Ring (5 Tier Spinner Rack),Display,,,FALSE,FALSE,FALSE,,,0,,,,1800,0,0,0,0,0,0
93051 - WH,5 Tier White Spinner Rack - Display Only,Display,,,FALSE,FALSE,FALSE,,,0,,,,50,0,0,0,0,0,0
93060,BOO Bao Bun Squishy Toy,Gen Merch,,,FALSE,FALSE,FALSE,18,72,6.99,3.85,3.85,,0,0,0,0,0,0,0
93070,CHILLY Bao Bun Squishy Toy,Gen Merch,,,FALSE,FALSE,FALSE,18,72,6.99,3.85,3.85,,0,0,0,0,0,0,0
93071,Hacky Sackeez Toy,Gen Merch,,,FALSE,FALSE,FALSE,48,288,7.99,4.4,4.4,,0,0,0,0,0,3862,1104
93101,3D Minis Caddy 60pcs - Display Only,Display,,,FALSE,FALSE,FALSE,,,0,,,,203,0,0,0,55,352,153
93102,3D Creatures Caddy 25pcs - Display Only,Display,,,FALSE,FALSE,FALSE,,,0,,,,428,0,0,0,110,668,141
93103,3D Creatures & Minis Shipper 110pcs- Display Only,Display,,,FALSE,FALSE,FALSE,,,0,,,,28,0,0,0,55,131,16
98027,TECH361 6FT Braided - Type C,Tech,,,FALSE,FALSE,FALSE,12,144,9.99,5.99,5.99,4.49,0,0,0,0,0,196,0
98102,VOLT Designer Spinner Cap - Cap Only,Display,,,FALSE,FALSE,FALSE,,,0,,,,17,0,0,0,0,0,27
98103,CHEEKY - Freeze Dried Candy Monkey Head - Header Only,Display,,,FALSE,FALSE,FALSE,,,0,,,,0,0,0,0,30,0,185
98104 - A,CHEEKY - Freeze Dried Monkey CA (3x5) A - Header Only,Display,,,FALSE,FALSE,FALSE,,,0,,,,300,0,0,0,0,0,0
98104 - B,CHEEKY - Freeze Dried Monkey CA (3x5) B - Header w/ Stand,Display,,,FALSE,FALSE,FALSE,,,0,,,,70,0,0,0,0,0,0
98104 - C,CHEEKY - Freeze Dried Monkey CA (4x5) C - Header Only,Display,,,FALSE,FALSE,FALSE,,,0,,,,40,0,0,0,0,0,0
98104 - D,CHEEKY - Freeze Dried Monkey CA (2x5) A - Header Only,Display,,,FALSE,FALSE,FALSE,,,0,,,,120,0,0,0,0,0,0
98104 - E,CHEEKY - Freeze Dried Monkey CA (2x5) E - Header w/ Stand,Display,,,FALSE,FALSE,FALSE,,,0,,,,0,0,0,0,0,0,0
99001,BEARSPAW 75g Jerky - Nakoda Smoke,Meat,AB,CA,FALSE,FALSE,FALSE,1,50,13.99,9.09,,,0,0,0,0,0,0,0
99002,BEARSPAW 75g Jerky - Old Fashion Original,Meat,AB,CA,FALSE,FALSE,FALSE,1,50,13.99,9.09,,,0,0,0,0,0,0,0
99003,BEARSPAW 75g Jerky - Savory Sweet N' Heat,Meat,AB,CA,FALSE,FALSE,FALSE,1,50,13.99,9.09,,,0,0,0,0,0,0,0
99004,BEARSPAW 75g Jerky - Traditional Teriyaki,Meat,AB,CA,FALSE,FALSE,FALSE,1,50,13.99,9.09,,,0,0,0,0,0,0,0
99011,BEARSPAW 175g Jerky - Nakoda Smoke,Meat,AB,CA,FALSE,FALSE,FALSE,1,30,28.99,18.84,,,0,0,0,0,0,0,0
99012,BEARSPAW 175g Jerky - Old Fashion Original,Meat,AB,CA,FALSE,FALSE,FALSE,1,30,28.99,18.84,,,0,0,0,0,0,0,0
99013,BEARSPAW 175g Jerky - Savory Sweet N' Heat,Meat,AB,CA,FALSE,FALSE,FALSE,1,30,28.99,18.84,,,0,0,0,0,0,0,0
99014,BEARSPAW 175g Jerky - Traditional Teriyaki,Meat,AB,CA,FALSE,FALSE,FALSE,1,30,28.99,18.84,,,0,0,0,0,0,0,0
9.90312E+11,BEARSPAW 75g Jerky - Traditional Teriyaki,Meat,AB,CA,FALSE,FALSE,FALSE,1,50,13.99,7.99,,,0,0,0,0,0,0,212
9.90312E+11,BEARSPAW 175g Jerky - Traditional Teriyaki,Meat,AB,CA,FALSE,FALSE,FALSE,1,30,28.99,18.89,,,0,0,0,0,0,0,41
9.90312E+11,BEARSPAW 75g Jerky - Old Fashion Original,Meat,AB,CA,FALSE,FALSE,FALSE,1,50,13.99,9.09,,,0,0,0,0,0,0,126
9.90312E+11,BEARSPAW 75g Jerky - Nakoda Smoke,Meat,AB,CA,FALSE,FALSE,FALSE,1,50,13.99,9.09,,,0,0,0,0,0,0,51
9.90312E+11,BEARSPAW 75g Jerky - Savory Sweet N' Heat,Meat,AB,CA,FALSE,FALSE,FALSE,1,50,13.99,9.09,,,0,0,0,0,0,0,100
9.90312E+11,BEARSPAW 175g Jerky - Old Fashion Original,Meat,AB,CA,FALSE,FALSE,FALSE,1,30,28.99,18.89,,,0,0,0,0,0,0,19
9.90312E+11,BEARSPAW 175g Jerky - Savory Sweet N' Heat,Meat,AB,CA,FALSE,FALSE,FALSE,1,30,28.99,18.89,,,0,0,0,0,0,0,2
9.90312E+11,BEARSPAW 175g Jerky - Nakoda Smoke,Meat,AB,CA,FALSE,FALSE,FALSE,1,30,28.99,18.89,,,0,0,0,0,0,0,1
Addy,Addy - 2 Pills in Pack,Addy,,,FALSE,TRUE,FALSE,,,0,,,,0,0,0,0,0,0,0
AKS001,Knifes:Knife Slot 1,Blades,,,FALSE,TRUE,FALSE,,,0,0,,0,0,0,0,0,0,0,0
AKS002,Knifes:Knife Slot 2,Blades,,,FALSE,TRUE,FALSE,,,0,0,,0,0,0,0,0,0,0,0
AKS003,Knifes:Knife Slot 3,Blades,,,FALSE,TRUE,FALSE,,,0,0,,0,0,0,0,0,0,0,0
AKS004,Knifes:Knife Slot 4,Blades,,,FALSE,TRUE,FALSE,,,0,0,,0,0,0,0,0,0,0,0
AKS005,Knifes:Knife Slot 5,Blades,,,FALSE,TRUE,FALSE,,,0,0,,0,0,0,0,0,0,0,0
AKS006,Knifes:Knife Slot 6,Blades,,,FALSE,TRUE,FALSE,,,0,0,,0,0,0,0,0,0,0,0
AKS007,Knifes:Knife Slot 7,Blades,,,FALSE,TRUE,FALSE,,,0,0,,0,0,0,0,0,0,0,0
AKS008,Knifes:Knife Slot 8,Blades,,,FALSE,TRUE,FALSE,,,0,0,,0,0,0,0,0,0,0,0
AKS009,Knifes:Knife Slot 9,Blades,,,FALSE,TRUE,FALSE,,,0,0,,0,0,0,0,0,0,0,0
AKS010,Knifes:Knife Slot 10,Blades,,,FALSE,TRUE,FALSE,,,0,0,,0,0,0,0,0,0,0,0
AKS011,Knifes:Knife Slot 11,Blades,,,FALSE,TRUE,FALSE,,,0,0,,0,0,0,0,0,0,0,0
AKS012,Knifes:Knife Slot 12,Blades,,,FALSE,TRUE,FALSE,,,0,0,,0,0,0,0,0,0,0,0
AKS013,Knifes:Knife Slot 13,Blades,,,FALSE,TRUE,FALSE,,,0,0,,0,0,0,0,0,0,0,0
AKS014,Knifes:Knife Slot 14,Blades,,,FALSE,TRUE,FALSE,,,0,0,,0,0,0,0,0,0,0,0
AKS015,Knifes:Knife Slot 15,Blades,,,FALSE,TRUE,FALSE,,,0,0,,0,0,0,0,0,0,0,0
AKS016,Knifes:Knife Slot 16,Blades,,,FALSE,TRUE,FALSE,,,0,0,,0,0,0,0,0,0,0,0
AKS017,Knifes:Knife Slot 17,Blades,,,FALSE,TRUE,FALSE,,,0,0,,0,0,0,0,0,0,0,0
CP100000,Classic Large (CP11) Solid Assorted colours,Gen Merch,,CA,FALSE,TRUE,FALSE,48,,0,,,,0,0,0,0,0,0,0
CP100009,Classic Mini (CP22) Hexagonal Flint - Solid assorted colors,Gen Merch,,CA,FALSE,TRUE,FALSE,48,,0,,,,0,0,0,0,0,0,0
CP100011,Classic Jet Flame (CKJ11) Solid Assorted colors,Gen Merch,,CA,FALSE,TRUE,FALSE,48,,0,,,,0,0,0,0,0,0,0
CP100022,Butane Yellow - 300ml,Gen Merch,,CA,FALSE,TRUE,FALSE,12,,0,,,,0,0,0,0,0,0,0
CP100023,Butane Yellow - 16ml,Gen Merch,,CA,FALSE,TRUE,FALSE,25,,0,,,,0,0,0,0,0,0,0
DBU-50517,ELECTION STICKERS - Democrat Bumper,Gen Merch,,,FALSE,TRUE,FALSE,,,0,0,,0,0,0,0,0,0,0,0
Display 3050,Knife Case 2 Display,Blades,,,FALSE,TRUE,FALSE,,,0,,,,0,0,0,0,0,0,0
DLG-50511,ELECTION STICKERS - Democrat Large,Gen Merch,,,FALSE,TRUE,FALSE,,,0,0,,0,0,0,0,0,0,0,0
DM-50512,ELECTION STICKERS - Democrat Medium,Gen Merch,,,FALSE,TRUE,FALSE,,,0,0,,0,0,0,0,0,0,0,0
DS-50515,ELECTION STICKERS - Democrat Small,Gen Merch,,,FALSE,TRUE,FALSE,,,0,0,,0,0,0,0,0,0,0,0
FB001,BLADES: FIXED BLADE 001,Blades,,,FALSE,TRUE,FALSE,,,0,0,,0,0,0,0,0,0,0,0
FB002,BLADES:FIXED BLADE 002,Blades,,,FALSE,TRUE,FALSE,,,0,0,,0,0,0,0,0,0,0,0
FB003,BLADES:FIXED BLADE 003,Blades,,,FALSE,TRUE,FALSE,,,0,0,,0,0,0,0,0,0,0,0
FB004,BLADES:FIXED BLADE 004,Blades,,,FALSE,TRUE,FALSE,,,0,0,,0,0,0,0,0,0,0,0
FB005,BLADES:FIXED BLADE 005,Blades,,,FALSE,TRUE,FALSE,,,0,0,,0,0,0,0,0,0,0,0
FB006,BLADES:FIXED BLADE 006,Blades,,,FALSE,TRUE,FALSE,,,0,0,,0,0,0,0,0,0,0,0
FB007,BLADES:FIXED BLADE 007,Blades,,,FALSE,TRUE,FALSE,,,0,0,,0,0,0,0,0,0,0,0
FB008,BLADES:FIXED BLADE 008,Blades,,,FALSE,TRUE,FALSE,,,0,0,,0,0,0,0,0,0,0,0
FB009,BLADES:FIXED BLADE 009,Blades,,,FALSE,TRUE,FALSE,,,0,0,,0,0,0,0,0,0,0,0
FB010,BLADES:FIXED BLADE 010,Blades,,,FALSE,TRUE,FALSE,,,0,0,,0,0,0,0,0,0,0,0
FB011,BLADES:FIXED BLADE 011,Blades,,,FALSE,TRUE,FALSE,,,0,0,,0,0,0,0,0,0,0,0
Kit - 00890,THE BUTCHER 20g Jerky Chew - Kit,Kits,,CA,FALSE,TRUE,FALSE,,,0,,,,0,0,0,0,0,0,0
Kit - 01145,THE BUTCHER Pork Jerky 125g Clip Strip 40 pcs - Kit,Kits,,CA,FALSE,FALSE,FALSE,,,0,,,,0,0,0,0,0,0,0
Kit - 03371,VOLT Fast Charge Counter PDQ - Display Kit,Kits,,,FALSE,FALSE,FALSE,,,0,,,,0,0,0,0,0,0,0
Kit - 10120,Bones Premium Pet Treats Display Kit,Kits,,,FALSE,TRUE,FALSE,,,0,,,,0,0,0,0,0,0,0
Kit - 10125,Bones Premium Pet Treats USA Display (150pcs) - Kit,Kits,,US,FALSE,FALSE,FALSE,,,0,,,,0,0,0,0,0,0,0
Kit - 10127,Bones Premium Pet Treats CAN Display (210pcs) - Kit,Kits,,CA,FALSE,FALSE,FALSE,,,0,,,,0,0,0,0,0,0,0
Kit - 10128,Bones Premium Pet Treats CAN Display (210pcs) - Kit 2,Kits,,,FALSE,TRUE,FALSE,,,0,,,,0,0,0,0,0,0,0
Kit - 10129,Bones Premium Pet Treats CAN Display (210pcs) - Kit 3,Kits,,CA,FALSE,FALSE,FALSE,,,0,,,,0,0,0,0,0,0,0
Kit - 11102,RETRO RATTLERS Floor Display (48pcs) - Display Kit,Kits,,,FALSE,FALSE,FALSE,,,0,,,,0,0,0,0,0,0,0
Kit - 12002,FANCY FANNYS - Pack Shipper Floor (36pcs) - Display Kit,Kits,,,FALSE,FALSE,FALSE,,,0,,,,0,0,0,0,0,0,0
Kit - 13002,Solar Eclipse Display - Kit,Kits,,,FALSE,TRUE,FALSE,,,0,,,,0,0,0,0,0,0,0
Kit - 13003,Solar Eclipse Glasses PDQ Display 50pcs - Kit,Kits,,,FALSE,TRUE,FALSE,,,0,,,,0,0,0,0,0,0,0
Kit - 13010,CardGuard Count Display 72pcs - Kit,Kits,,,FALSE,TRUE,FALSE,,,0,,,,0,0,0,0,0,0,0
Kit - 13012,CardGuard Count Display 36pcs - Kit,Kits,,,FALSE,FALSE,FALSE,,,0,,,,0,0,0,0,0,0,0
Kit - 19200,VOLT Designer Tower (80pcs) - Display Kit,Kits,,,FALSE,FALSE,FALSE,,,0,,,,0,0,0,0,0,0,0
Kit - 19208,VOLT Designer 10FT Spinner Rack - Kit,Kits,,,FALSE,FALSE,FALSE,,,0,,,,0,0,0,0,0,0,0
Kit - 20507,VOLT FC Counter Tower (56pcs) - Display Kit,Kits,,,FALSE,FALSE,FALSE,,,0,,,,0,0,0,0,0,0,0
Kit - 20508,VOLT FC FLC Style - Counter (56pcs) - Display Kit,Kits,,,FALSE,FALSE,FALSE,,,0,,,,0,0,0,0,0,0,0
Kit - 20556,VOLT Elite Wireless Earbuds PDQ (20pcs) - Display Kit,Kits,,,FALSE,FALSE,FALSE,,,0,,,,0,0,0,0,0,0,0
Kit - 20603,VOLT Elite V3 Tower Display 74pc -Kit,Kits,,,FALSE,FALSE,FALSE,,,0,,,,0,0,0,0,0,0,0
Kit - 20611,VOLT Evolution Counter Tower (224pcs) - Display Kit 1,Kits,,,FALSE,TRUE,FALSE,,,0,,,,0,0,0,0,0,0,0
Kit - 20612,VOLT Evolution Counter Tower (184pcs) - Display Kit 2,Kits,,,FALSE,FALSE,FALSE,,,0,,,,0,0,0,0,0,0,0
Kit - 20613,VOLT Evolution Counter Tower ETL (184pcs) - Display Kit 3,Kits,,,FALSE,FALSE,FALSE,,,0,,,,0,0,0,0,0,0,0
Kit - 20616,VOLT Evolution Tuff 4-in-1 Shipper (92pcs) - Display Kit 1,Kits,,,FALSE,FALSE,FALSE,,,0,,,,0,0,0,0,0,0,0
Kit - 20617,VOLT Evolution Tuff 4-in-1 Shipper (132pcs) - Display Kit 2,Kits,,,FALSE,TRUE,FALSE,,,0,,,,0,0,0,0,0,0,0
Kit - 20711Gro,Hot Picks 4 Sided Display - Assortment 1,,,,FALSE,FALSE,FALSE,,,0,,,,0,0,0,0,0,0,0
Kit - 20711Tru1,4 Sided Spinning Rack Kit Assortment 2,,,,FALSE,FALSE,FALSE,,,0,,,,0,0,0,0,0,0,0
Kit - 20711Tru2,4 Sided Spinning Rack Kit Assortment 3,,,,FALSE,FALSE,FALSE,,,0,,,,0,0,0,0,0,0,0
Kit - 21653,COOL TATS Shipper (120pcs) - Display Kit,Kits,,,FALSE,FALSE,FALSE,,,0,,,,0,0,0,0,0,0,0
Kit - 21661,Cool Tats Counter Display Rack (200pcs) - Kit,Kits,,,FALSE,FALSE,FALSE,,,0,,,,0,0,0,0,0,0,0
Kit - 25265,THE BUTCHER 224g Slab Jerky Counter Display (64pcs) - Kit,Kits,,,FALSE,FALSE,FALSE,,,0,,,,0,0,0,0,0,0,0
Kit - 30301,VOLT Emergency TT Keychain - Kit,Kits,,,FALSE,FALSE,FALSE,,,0,,,,0,0,0,0,0,0,0
Kit - 30501,VOLT FC Emergency DT Keychain - Kit,Kits,,,FALSE,FALSE,FALSE,,,0,,,,0,0,0,0,0,0,0
Kit - 32351,Bag Swag - Counter Display (30pc) - Kit,Kits,,,FALSE,FALSE,FALSE,,,0,,,,0,0,0,0,0,0,0
Kit - 41100,Fast Charge Transition (60pcs) - Kit,Kits,,,FALSE,FALSE,FALSE,,,0,,,,0,0,0,0,0,0,0
Kit - 41101 Transition (80pcs),Kit - 41101 Transition (80pcs),Kits,,,FALSE,FALSE,FALSE,,,0,,,,0,0,0,0,0,0,0
Kit - 41102,VOLT 10FT FC/Designer - Spinner Rack (120pcs) - Display Kit,Kits,,,FALSE,FALSE,FALSE,,,0,,,,0,0,0,0,0,0,0
Kit - 41102C,VOLT 10FT FC/Prime - Spinner Rack (120pcs) - Display Kit,Kits,,,FALSE,FALSE,FALSE,,,0,,,,0,0,0,0,0,0,0
Kit - 42371,KEYSTEEZ - Counter (40pcs) - Display Kit,Kits,,,FALSE,FALSE,FALSE,,,0,,,,0,0,0,0,0,0,0
Kit - 43215,ZAKS 224g Slab Jerky Counter Display (64pcs) - Kit,Kits,,,FALSE,FALSE,FALSE,,,0,,,,0,0,0,0,0,0,0
Kit - 50220,STICKER KRAZE - Series 1 - Counter (200pcs) - Display Kit,Kits,,,FALSE,TRUE,FALSE,,,0,,,,0,0,0,0,0,0,0
Kit - 50221,STICKER KRAZE - Series 2 - Counter (200pcs) - Display Kit,Kits,,,FALSE,TRUE,FALSE,,,0,,,,0,0,0,0,0,0,0
Kit - 50222,STICKER KRAZE - Series 3 - Counter (140pcs) - Display Kit,Kits,,,FALSE,TRUE,FALSE,,,0,,,,0,0,0,0,0,0,0
Kit - 50223,STICKER KRAZE - Series 4 - Counter (140pcs) - Display Kit,Kits,,,FALSE,TRUE,FALSE,,,0,,,,0,0,0,0,0,0,0
Kit - 50230,STICKER KRAZE Shipper Kit 360pcs,Kits,,,FALSE,FALSE,FALSE,,,0,,,,0,0,0,0,0,0,0
Kit - 50231,STICKER KRAZE Refill Kit 1 - 360pcs,Kits,,,FALSE,FALSE,FALSE,,,0,,,,0,0,0,0,0,0,0
Kit - 50232,STICKER KRAZE Bamboo Shipper Kit 360pcs,Kits,,,FALSE,FALSE,FALSE,,,0,,,,0,0,0,0,0,0,0
Kit - 50233,STICKER KRAZE Bamboo Refill Kit 360pcs,Kits,,,FALSE,FALSE,FALSE,,,0,,,,0,0,0,0,0,0,0
Kit - 50510,Election Stickers Shipper (160pcs) Display Kit,Kits,,,FALSE,TRUE,FALSE,,,0,,,,0,0,0,0,0,0,0
Kit - 51305,Sticker Kraze Bamboo Counter Display - Kit,Kits,,,FALSE,TRUE,FALSE,,,0,,,,0,0,0,0,0,0,0
Kit - 52000,CHEEKY MONKEY 96pc Gummy and Sour Candy Cones - Display Kit,Kits,,,FALSE,FALSE,FALSE,,,0,,,,0,0,0,0,0,0,0
Kit - 52550,Cheeky Freeze Dried Candy Spinning Rack - Kit,Kits,,,FALSE,FALSE,FALSE,,,0,,,,0,0,0,0,0,0,0
Kit - 52551,Cheeky Freeze Dried Candy 3 Flavors USA - Kit 1,Kits,,,FALSE,TRUE,FALSE,,,0,,,,0,0,0,0,0,0,0
Kit - 52552,Cheeky Freeze Dried Candy 3 Flavors USA - Kit 2,Kits,,,FALSE,TRUE,FALSE,,,0,,,,0,0,0,0,0,0,0
Kit - 52553,Cheeky Freeze Dried Candy 3 Flavors CAN - Kit 1,Kits,,,FALSE,TRUE,FALSE,,,0,,,,0,0,0,0,0,0,0
Kit - 52554,Cheeky Freeze Dried Candy 3 Flavors CAN- Kit 2,Kits,,,FALSE,TRUE,FALSE,,,0,,,,0,0,0,0,0,0,0
Kit - 52650,Novelty Candy 4 Caddy Pack - 48pcs,Kits,,,FALSE,FALSE,FALSE,,,0,,,,0,0,0,0,0,0,0
Kit - 52654,Sour Rockstar Roll Licker Candy 12pcs - Caddy,Kits,,,FALSE,FALSE,FALSE,,,0,,,,0,0,0,0,0,0,0
Kit - 52655,TNT Sour Stix Candy 12pcs - Caddy,Kits,,,FALSE,FALSE,FALSE,,,0,,,,0,0,0,0,0,0,0
Kit - 52656,Squeeze Team Heroes Candy 12pcs - Caddy,Kits,,,FALSE,FALSE,FALSE,,,0,,,,0,0,0,0,0,0,0
Kit - 52657,Gorilla Squeeze Duo Slime Sour Candy 12pcs - Caddy,Kits,,,FALSE,FALSE,FALSE,,,0,,,,0,0,0,0,0,0,0
Kit - 54543,ZAKS 224g Slab Jerky Counter (64pcs) - PA Kit,Kits,,,FALSE,FALSE,FALSE,,,0,,,,0,0,0,0,0,0,0
Kit - 54547,ZAKS Premium Traditional Beef Jerky 120g Shipper 96pcs - Kit,Kits,,CA,FALSE,FALSE,FALSE,,,0,,,,0,0,0,0,0,0,0
Kit - 54548,THE BUTCHER Pork Jerky 90g Shipper Display 80 pcs - Kit,Kits,,CA,FALSE,FALSE,FALSE,,,0,,,,0,0,0,0,0,0,0
Kit - 54549,KOKUM Beef Jerky 90g Shipper Display 80 pcs - Kit,Kits,AB,CA,FALSE,FALSE,FALSE,,,0,,,,0,0,0,0,0,0,0
Kit - 54551,THE BUTCHER Beef Jerky 90g Shipper Display 80 pcs - Kit,Kits,,CA,FALSE,FALSE,FALSE,,,0,,,,0,0,0,0,0,0,0
Kit - 60102,CAMPERS - Campfire Sticks Shipper (55pcs) - Display Kit,Kits,,,FALSE,FALSE,FALSE,,,0,,,,0,0,0,0,0,0,0
Kit - 71815,TECH361 Counter Tower (48pcs) - Kit Display,Kits,,,FALSE,FALSE,FALSE,,,0,,,,0,0,0,0,0,0,0
Kit - 72200,VOLT Velocity Counter Tower (80pcs) - Kit,Kits,,,FALSE,FALSE,FALSE,,,0,,,,0,0,0,0,0,0,0
Kit - 91010,DIE CAST CAR Floor Display (264pcs) - Display Kit,Kits,,,FALSE,FALSE,FALSE,,,0,,,,0,0,0,0,0,0,0
Kit - 91012,DIE CAST CAR Floor Display (432pcs) - Display Kit,Kits,,,FALSE,FALSE,FALSE,,,0,,,,0,0,0,0,0,0,0
Kit - 91016,DIE CAST CAR Single Sided Wing Rack (96pcs) - Kit,Kits,,,FALSE,FALSE,FALSE,,,0,,,,0,0,0,0,0,0,0
Kit - 91017,DIE CAST CAR Truck Mates Bin (144pcs) - Kit,Kits,,,FALSE,FALSE,FALSE,,,0,,,,0,0,0,0,0,0,0
Kit - 91561,THE BUTCHER Acrylic 2 Bin (50pcs) - Kit,Kits,,,FALSE,FALSE,FALSE,,,0,,,,0,0,0,0,0,0,0
Kit - 93041,Bao Bun Squishy Toy Shipper 72pcs - Display Kit,Kits,,,FALSE,FALSE,FALSE,,,0,,,,0,0,0,0,0,0,0
Kit - 93100,3D Creatures & Minis (110pcs) - Display Kit,Kits,,,FALSE,FALSE,FALSE,,,0,,,,0,0,0,0,0,0,0
Kit - 93101,3D Minis (60pcs) - Caddy Kit,Kits,,,FALSE,FALSE,FALSE,,,0,,,,0,0,0,0,0,0,0
Kit - 93102,3D Creatures (25pcs) - Caddy Kit,Kits,,,FALSE,FALSE,FALSE,,,0,,,,0,0,0,0,0,0,0
Kit - 93105,Charm Buddies (72pcs) - Display Kit,Kits,,,FALSE,FALSE,FALSE,,,0,,,,0,0,0,0,0,0,0
Kit - 93140,Bao Bun Squishy Toy Caddy 18pcs - Display Kit,Kits,,,FALSE,FALSE,FALSE,,,0,,,,0,0,0,0,0,0,0
Kit - Double Double,Cheeky Monkey Double Double Promo,,,,FALSE,TRUE,FALSE,,,0,,,,0,0,0,0,0,0,0
Kit - Spinner FD,Kit - Spinner Rack for Freeze Dried,Display,,,FALSE,FALSE,FALSE,,,0,,,,0,0,0,0,0,0,0
Kit - THE BUTCHER Clip Rack,THE BUTCHER Clip Rack Display 5.3oz (60pcs) - Kit,Kits,,US,FALSE,FALSE,FALSE,,,0,,,,0,0,0,0,0,0,0
RBU-50527,ELECTION STICKERS - Republican Bumper,Gen Merch,,,FALSE,TRUE,FALSE,,,0,0,,0,0,0,0,0,0,0,0
RLG-50521,ELECTION STICKERS - Republican Large,Gen Merch,,,FALSE,TRUE,FALSE,,,0,0,,0,0,0,0,0,0,0,0
RM-50522,ELECTION STICKERS - Republican Medium,Gen Merch,,,FALSE,TRUE,FALSE,,,0,0,,0,0,0,0,0,0,0,0
RS-50525,ELECTION STICKERS - Republican Small,Gen Merch,,,FALSE,TRUE,FALSE,,,0,0,,0,0,0,0,0,0,0,0
SPB002,BLADES:SMALL POCKET BLADE 002,Blades,,,FALSE,TRUE,FALSE,,,0,0,,0,0,0,0,0,0,0,0
SPB003,BLADES:SMALL POCKET BLADE 003,Blades,,,FALSE,TRUE,FALSE,,,0,0,,0,0,0,0,0,0,0,0
SPB004,BLADES:SMALL POCKET BLADE 004,Blades,,,FALSE,TRUE,FALSE,,,0,0,,0,0,0,0,0,0,0,0
SPB005,BLADES:SMALL POCKET BLADE 005,Blades,,,FALSE,TRUE,FALSE,,,0,0,,0,0,0,0,0,0,0,0
SPB006,BLADES:SMALL POCKET BLADE 006,Blades,,,FALSE,TRUE,FALSE,,,0,0,,0,0,0,0,0,0,0,0
SPB007,BLADES:SMALL POCKET BLADE 007,Blades,,,FALSE,TRUE,FALSE,,,0,0,,0,0,0,0,0,0,0,0
SPB008,BLADES:SMALL POCKET BLADE 008,Blades,,,FALSE,TRUE,FALSE,,,0,0,,0,0,0,0,0,0,0,0
SPB010,BLADES:SMALL POCKET BLADE 010,Blades,,,FALSE,TRUE,FALSE,,,0,0,,0,0,0,0,0,0,0,0
SPB011,BLADES:SMALL POCKET BLADE 011,Blades,,,FALSE,TRUE,FALSE,,,0,0,,0,0,0,0,0,0,0,0
SPB012,BLADES:SMALL POCKET BLADE 012,Blades,,,FALSE,TRUE,FALSE,,,0,0,,0,0,0,0,0,0,0,0
SPB013,BLADES:SMALL POCKET BLADE 013,Blades,,,FALSE,TRUE,FALSE,,,0,0,,0,0,0,0,0,0,0,0
SPB014,BLADES:SMALL POCKET BLADE 014,Blades,,,FALSE,TRUE,FALSE,,,0,0,,0,0,0,0,0,0,0,0
SPB015,BLADES:SMALL POCKET BLADE 015,Blades,,,FALSE,TRUE,FALSE,,,0,0,,0,0,0,0,0,0,0,0
SPB016,BLADES:SMALL POCKET BLADE 016,Blades,,,FALSE,TRUE,FALSE,,,0,0,,0,0,0,0,0,0,0,0
SPB017,BLADES:SMALL POCKET BLADE 017,Blades,,,FALSE,TRUE,FALSE,,,0,0,,0,0,0,0,0,0,0,0
ZZ101001,Zig Zag White Papers Kutcorner,Gen Merch,,,FALSE,FALSE,FALSE,,,0,,,,0,0,0,0,0,0,0
ZZ101002,Zig Zag Blue Papers,Gen Merch,,CA,FALSE,TRUE,FALSE,,,0,,,,0,0,0,0,0,0,0
ZZ101003,Zig Zag Green Papers,Gen Merch,,CA,FALSE,TRUE,FALSE,,,0,,,,0,0,0,0,0,0,0
ZZ101004,Zig Zag Ultra Thin Papers Single Wide,Gen Merch,,CA,FALSE,TRUE,FALSE,,,0,,,,0,0,0,0,0,0,0
ZZ101010,Zig Zag Unbleached 1 1/4 Papers,Gen Merch,,CA,FALSE,TRUE,FALSE,,,0,,,,0,0,0,0,0,0,0
ZZ101012,Pre-Rolled Cones - Zig Zag Unbleached 1 1/4 Papers,Gen Merch,,CA,FALSE,TRUE,FALSE,,,0,,,,0,0,0,0,0,0,0
ZZ101087,Pre-Rolled Cones - Zig Zag White 1 1/4 Papers,Gen Merch,,CA,FALSE,TRUE,FALSE,,,0,,,,0,0,0,0,0,0,0
