SKU,Name,Category,Allowed Provinces,Allowed Countries,Kit Only,Hidden,Archived,Inner Carton Qty,Master Case Qty
00270,ZAKS 3.5oz Landjaeger - Original,Meat,,US,FALSE,FALSE,FALSE,,
00271,ZAKS 3.5oz Landjaeger - Hot,Meat,,US,FALSE,FALSE,FALSE,,
00273,ZAKS 3.5oz Landjaeger - Garlic,Meat,,US,FALSE,FALSE,FALSE,,
00275,THE BUTCHER 3.2oz Landjaeger - Original,Meat,,US,FALSE,FALSE,FALSE,5,100
00276,THE BUTCHER 3.2oz Landjaeger - Teriyaki,Meat,,US,FALSE,FALSE,FALSE,5,100
00277,THE BUTCHER 3.2oz Landjaeger - Hot,Meat,,US,FALSE,FALSE,FALSE,5,100
00278,THE BUTCHER 3.2oz Landjaeger - Peppered,Meat,,US,FALSE,FALSE,FALSE,5,100
00279,THE BUTCHER 3.2oz Landjaeger - Garlic,Meat,,US,FALSE,FALSE,FALSE,5,100
00801,THE BUTCHER 50g Pepperoni - Hot,Meat,,CA,FALSE,FALSE,FALSE,25,100
00802,THE BUTCHER 50g Pepperoni - Mild,Meat,,CA,FALSE,FALSE,FALSE,25,100
00821,THE BUTCHER 45g Original Slab CF,Meat,,,FALSE,TRUE,FALSE,6,72
00822,THE BUTCHER 45g Peppered Slab CF,Meat,,,FALSE,TRUE,FALSE,6,72
00823,THE BUTCHER 45g Teriyaki Slab CF,Meat,,,FALSE,TRUE,FALSE,6,72
00824,THE BUTCHER 45g Sweet Chili Slab CF,Meat,,,FALSE,TRUE,FALSE,6,72
00841,THE BUTCHER 45g Original Slab CF - Caddy,Meat,,,FALSE,TRUE,FALSE,12,12
00842,THE BUTCHER 45g Peppered Slab CF - Caddy,Meat,,,FALSE,TRUE,FALSE,1,12
00843,THE BUTCHER 45g Teriyaki Slab CF - Caddy,Meat,,,FALSE,TRUE,FALSE,1,12
00844,THE BUTCHER 45g Sweet Chili Slab CF - Caddy,Meat,,,FALSE,TRUE,FALSE,1,12
00851,THE BUTCHER 20g Jerky Chew - Original,Meat,,,FALSE,TRUE,FALSE,10,100
00852,THE BUTCHER 20g Jerky Chew - Teriyaki,Meat,,,FALSE,TRUE,FALSE,10,100
00891 - J,THE BUTCHER 20g Jerky Chew - Original - Plastic Jar Kit,Kits,,,FALSE,TRUE,FALSE,,
00892 - J,THE BUTCHER 20g Jerky Chew - Teriyaki - Plastic Jar Kit,Kits,,,FALSE,TRUE,FALSE,,
00931,ZAKS 60g Jerky Strips - Original,Meat,AB,CA,FALSE,FALSE,FALSE,8,80
00932,ZAKS 60g Jerky Strips - Teriyaki,Meat,AB,CA,FALSE,FALSE,FALSE,8,80
00933,ZAKS 60g Jerky Strips - Smokin' Hickory,Meat,AB,CA,FALSE,FALSE,FALSE,8,80
00941,ZAKS 125g Jerky Strips - Original,Meat,AB,CA,FALSE,FALSE,FALSE,8,80
00942,ZAKS 125g Jerky Strips - Teriyaki,Meat,AB,CA,FALSE,FALSE,FALSE,8,80
00943,ZAKS 125g Jerky Strips - Smokin' Hickory,Meat,AB,CA,FALSE,FALSE,FALSE,10,
00960,ZAKS 57g Steak Strips - Original,Meat,,CA,FALSE,FALSE,FALSE,5,130
00961,ZAKS 57g Steak Strips - Teriyaki,Meat,,CA,FALSE,FALSE,FALSE,5,130
00962,ZAKS 57g Steak Strips - Sweet Chili,Meat,,CA,FALSE,FALSE,FALSE,5,130
00963,ZAKS 57g Steak Strips - Peppered,Meat,,CA,FALSE,FALSE,FALSE,5,130
00964,ZAKS 57g Steak Strips - Garlic,Meat,,CA,FALSE,FALSE,FALSE,5,130
00970,ZAKS 50g Jerky - Classic Smoked Original,Meat,,,FALSE,TRUE,FALSE,1,
00971,ZAKS 50g Jerky - Teriyaki,Meat,,,FALSE,TRUE,FALSE,1,
00972,ZAKS 50g Jerky - Honey Heat,Meat,,,FALSE,TRUE,FALSE,1,
00973,ZAKS 50g Jerky - Lemon Cracked Pepper,Meat,,,FALSE,TRUE,FALSE,1,
00974,ZAKS 50g Jerky - Garlic & Dill,Meat,,,FALSE,TRUE,FALSE,1,
00975,ZAKS 50g Jerky - Teri Heat,Meat,,,FALSE,TRUE,FALSE,1,
00976,ZAKS 56g Jerky - Original,Meat,,,FALSE,TRUE,FALSE,10,150
00977,ZAKS 56g Jerky - Teriyaki,Meat,,,FALSE,TRUE,FALSE,10,150
00978,ZAKS 56g Jerky - Dill,Meat,,,FALSE,TRUE,FALSE,10,150
00979,ZAKS 56g Jerky - Lemon Pepper,Meat,,,FALSE,TRUE,FALSE,10,150
00980,ZAKS 150g Jerky - Classic Smoked Original,Meat,,,FALSE,TRUE,FALSE,1,
00981,ZAKS 150g Jerky - Teriyaki,Meat,,,FALSE,TRUE,FALSE,1,
00982,ZAKS 150g Jerky - Honey Heat,Meat,,,FALSE,TRUE,FALSE,1,
00983,ZAKS 150g Jerky - Lemon Cracked Pepper,Meat,,,FALSE,TRUE,FALSE,1,
00990,ZAKS 125g Jerky - Classic Smoked Original,Meat,,,FALSE,TRUE,FALSE,1,
00991,ZAKS 125g Jerky - Teriyaki,Meat,,,FALSE,TRUE,FALSE,1,
00992,ZAKS 125g Jerky - Honey Heat,Meat,,,FALSE,TRUE,FALSE,1,
00993,ZAKS 125g Jerky - Lemon Cracked Pepper,Meat,,,FALSE,TRUE,FALSE,1,
00994,ZAKS 125g Jerky - Garlic & Dill,Meat,,,FALSE,TRUE,FALSE,1,
00995,ZAKS 125g Jerky - Teri Heat,Meat,,,FALSE,TRUE,FALSE,1,
01050,THE BUTCHER 75g Jerky - Original,Meat,AB,CA,FALSE,FALSE,FALSE,1,50
01051,THE BUTCHER 75g Jerky - Teriyaki,Meat,AB,CA,FALSE,FALSE,FALSE,1,50
01052,THE BUTCHER 75g Jerky - Smokin' Hickory,Meat,AB,CA,FALSE,FALSE,FALSE,1,50
01053,THE BUTCHER 75g Jerky - Sweet 'N Heat,Meat,AB,CA,FALSE,FALSE,FALSE,1,50
01060,THE BUTCHER 50g Jerky - Original,Meat,,,FALSE,TRUE,FALSE,1,
01061,THE BUTCHER 50g Jerky - Teriyaki,Meat,,,FALSE,TRUE,FALSE,1,
01062,THE BUTCHER 50g Jerky - Hot & Sweet,Meat,,,FALSE,TRUE,FALSE,1,
01063,THE BUTCHER 50g Jerky - Peppered,Meat,,,FALSE,TRUE,FALSE,1,
01070,THE BUTCHER 75g Jerky - Original,Meat,,CA,FALSE,FALSE,FALSE,10,60
01071,THE BUTCHER 75g Jerky - Teriyaki,Meat,,CA,FALSE,FALSE,FALSE,10,60
01072,THE BUTCHER 75g Jerky - Hot 'N Sweet,Meat,,CA,FALSE,FALSE,FALSE,10,60
01073,THE BUTCHER 75g Jerky - Peppered,Meat,,CA,FALSE,FALSE,FALSE,10,60
01080,THE BUTCHER 150g Jerky - Original,Meat,,CA,FALSE,FALSE,FALSE,5,30
01081,THE BUTCHER 150g Jerky - Teriyaki,Meat,,CA,FALSE,FALSE,FALSE,5,30
01082,THE BUTCHER 150g Jerky - Hot & Sweet,Meat,,CA,FALSE,FALSE,FALSE,5,30
01083,THE BUTCHER 150g Jerky - Peppered,Meat,,CA,FALSE,FALSE,FALSE,5,30
01091,THE BUTCHER 60g Classic Pepperoni & Cheddar Cheese Sticks,Meat,,CA,FALSE,FALSE,FALSE,,
01092,THE BUTCHER 60g Pepperoni & Monterey Jalapeno Cheese Sticks,Meat,,CA,FALSE,FALSE,FALSE,,
01093,THE BUTCHER 45g Pepperoni,Meat,,CA,FALSE,FALSE,FALSE,,
01094,THE BUTCHER 45g Salami,Meat,,CA,FALSE,FALSE,FALSE,,
01095,THE BUTCHER 45g Landjager,Meat,,CA,FALSE,FALSE,FALSE,,
01101,THE BUTCHER 75g Jerky - Honey Heat,Meat,,,FALSE,TRUE,FALSE,10,60
01102,THE BUTCHER 75g Jerky - Lemon Pepper,Meat,,,FALSE,TRUE,FALSE,10,60
01103,THE BUTCHER 75g Jerky - Dill Pickle,Meat,,,FALSE,TRUE,FALSE,10,60
01104,THE BUTCHER 75g Jerky - Garlic Ginger,Meat,,,FALSE,TRUE,FALSE,10,60
01105,THE BUTCHER 75g Jerky - Orange Honey Teriyaki,Meat,,,FALSE,TRUE,FALSE,10,60
01121,THE BUTCHER 150g Jerky - Honey Heat,Meat,,,FALSE,TRUE,FALSE,5,30
01122,THE BUTCHER 150g Jerky - Lemon Pepper,Meat,,,FALSE,TRUE,FALSE,5,30
01123,THE BUTCHER 150g Jerky - Dill Pickle,Meat,,,FALSE,TRUE,FALSE,5,30
01124,THE BUTCHER 150g Jerky - Garlic Ginger,Meat,,,FALSE,TRUE,FALSE,5,30
01125,THE BUTCHER 150g Jerky - Orange Honey Teriyaki,Meat,,,FALSE,TRUE,FALSE,5,30
01130,THE BUTCHER 75g Pork Jerky - Smoked Original,Meat,AB,CA,FALSE,FALSE,FALSE,,50
01131,THE BUTCHER 75g Pork Jerky - Teriyaki Pineapple,Meat,AB,CA,FALSE,FALSE,FALSE,,50
01132,THE BUTCHER 75g Pork Jerky - Hot 'N Sweet,Meat,AB,CA,FALSE,FALSE,FALSE,,50
01133,THE BUTCHER 75g Pork Jerky - BBQ Hickory,Meat,AB,CA,FALSE,FALSE,FALSE,,50
01140,THE BUTCHER 175g Pork Jerky - Smoked Original,Meat,AB,CA,FALSE,FALSE,FALSE,,30
01141,THE BUTCHER 175g Pork Jerky - Teriyaki Pineapple,Meat,AB,CA,FALSE,FALSE,FALSE,,30
01142,THE BUTCHER 175g Pork Jerky - Hot 'N Sweet,Meat,AB,CA,FALSE,FALSE,FALSE,,30
01143,THE BUTCHER 175g Pork Jerky - BBQ Hickory,Meat,AB,CA,FALSE,FALSE,FALSE,,30
01146,THE BUTCHER 125g Pork Jerky - Teriyaki Pineapple,Meat,,,FALSE,TRUE,FALSE,,20
01147,THE BUTCHER 125g Pork Jerky - BBQ Hickory,Meat,,,FALSE,TRUE,FALSE,,20
01220,ZAKS 13.3oz Slab Jerky 10 pc Bag - Original,Meat,,US,FALSE,FALSE,FALSE,,
01221,ZAKS 13.3oz Slab Jerky 10 pc Bag - Teriyaki,Meat,,US,FALSE,FALSE,FALSE,,
01223,ZAKS 7.9oz Slab Jerky 8pc Bag - Original,Meat,,US,FALSE,FALSE,FALSE,1,30
01224,ZAKS 7.9oz Slab Jerky 8pc Bag - Teriyaki,Meat,,US,FALSE,FALSE,FALSE,1,30
01251,THE BUTCHER 125g Jerky - Original,Meat,AB,CA,FALSE,FALSE,FALSE,10,50
01252,THE BUTCHER 125g Jerky - Teriyaki,Meat,AB,CA,FALSE,FALSE,FALSE,10,50
01253,THE BUTCHER 125g Jerky - Smokin' Hickory,Meat,AB,CA,FALSE,FALSE,FALSE,10,50
01254,THE BUTCHER 125g Jerky - Sweet 'N Heat,Meat,AB,CA,FALSE,FALSE,FALSE,10,50
01256,KOKUM 125g Jerky - Original,Meat,AB,CA,FALSE,FALSE,FALSE,10,50
01257,KOKUM 125g Jerky - Teriyaki,Meat,AB,CA,FALSE,FALSE,FALSE,10,50
01258,KOKUM 125g Jerky - Smokin' Hickory,Meat,AB,CA,FALSE,FALSE,FALSE,10,50
01259,KOKUM 125g Jerky - Sweet 'N Heat,Meat,AB,CA,FALSE,FALSE,FALSE,10,50
01431,THE BUTCHER 43g Jerky - Original,Meat,AB,CA,FALSE,FALSE,FALSE,10,100
01432,THE BUTCHER 43g Jerky - Teriyaki,Meat,AB,CA,FALSE,FALSE,FALSE,10,100
01433,THE BUTCHER 43g Jerky - Smokin' Hickory,Meat,AB,CA,FALSE,FALSE,FALSE,10,100
01434,THE BUTCHER 43g Jerky - Sweet 'N Heat,Meat,AB,CA,FALSE,FALSE,FALSE,10,100
01436,KOKUM 43g Jerky - Original,Meat,AB,CA,FALSE,FALSE,FALSE,10,100
01437,KOKUM 43g Jerky - Teriyaki,Meat,AB,CA,FALSE,FALSE,FALSE,10,100
01438,KOKUM 43g Jerky - Smokin' Hickory,Meat,AB,CA,FALSE,FALSE,FALSE,10,100
01439,KOKUM 43g Jerky - Sweet 'N Heat,Meat,AB,CA,FALSE,FALSE,FALSE,10,100
01631,THE BUTCHER 63g Jerky - Original,Meat,AB,CA,FALSE,FALSE,FALSE,10,80
01632,THE BUTCHER 63g Jerky - Teriyaki,Meat,AB,CA,FALSE,FALSE,FALSE,10,80
01633,THE BUTCHER 63g Jerky - Smokin' Hickory,Meat,AB,CA,FALSE,FALSE,FALSE,10,80
01634,THE BUTCHER 63g Jerky - Sweet 'N Heat,Meat,AB,CA,FALSE,FALSE,FALSE,10,80
01636,KOKUM 63g Jerky - Original,Meat,AB,CA,FALSE,FALSE,FALSE,10,80
01637,KOKUM 63g Jerky - Teriyaki,Meat,AB,CA,FALSE,FALSE,FALSE,10,80
01638,KOKUM 63g Jerky - Smokin' Hickory,Meat,AB,CA,FALSE,FALSE,FALSE,10,80
01639,KOKUM 63g Jerky - Sweet 'N Heat,Meat,AB,CA,FALSE,FALSE,FALSE,10,80
03031,VOLT 4FT Select - Triple Tip,Tech,,,FALSE,FALSE,FALSE,10,100
03033,VOLT 6FT Studio - iPhone,Tech,,,FALSE,FALSE,FALSE,10,100
03034,VOLT 6FT Studio - Type C,Tech,,,FALSE,FALSE,FALSE,10,100
03035,VOLT 6FT Studio - Micro USB,Tech,,,FALSE,FALSE,FALSE,10,100
03036,VOLT 6FT Select - iPhone,Tech,,,FALSE,FALSE,FALSE,10,100
03037,VOLT 6FT Select - Type C,Tech,,,FALSE,FALSE,FALSE,10,100
03038,VOLT 6FT Select - Micro USB,Tech,,,FALSE,FALSE,FALSE,10,100
03040,VOLT 6FT Designer MFI - iPhone,Tech,,,FALSE,TRUE,FALSE,,
03043,VOLT Evolution Prime 6FT FC - iPhone,Tech,,,FALSE,FALSE,FALSE,5,100
03044,VOLT Evolution Prime 6FT FC - Type C,Tech,,,FALSE,FALSE,FALSE,5,100
03045,VOLT Evolution Prime 6FT - iPhone,Tech,,,FALSE,FALSE,FALSE,5,100
03046,VOLT Evolution Prime 6FT - Type C,Tech,,,FALSE,FALSE,FALSE,5,100
03050 - B,VOLT Evolution 6FT - Tuff 4 in 1 Blue,Tech,,,FALSE,FALSE,FALSE,5,100
03050 - G,VOLT Evolution 6FT - Tuff 4 in 1 Green,Tech,,,FALSE,FALSE,FALSE,5,100
03050 - R,VOLT Evolution 6FT - Tuff 4 in 1 Red,Tech,,,FALSE,FALSE,FALSE,5,100
03050 - Y,VOLT Evolution 6FT - Tuff 4 in 1 Yellow,Tech,,,FALSE,FALSE,FALSE,5,100
03051 - B,VOLT Evolution 10FT - Tuff 4 in 1 Blue,Tech,,,FALSE,FALSE,FALSE,5,100
03051 - G,VOLT Evolution 10FT - Tuff 4 in 1 Green,Tech,,,FALSE,FALSE,FALSE,5,100
03051 - R,VOLT Evolution 10FT - Tuff 4 in 1 Red,Tech,,,FALSE,FALSE,FALSE,5,100
03051 - Y,VOLT Evolution 10FT - Tuff 4 in 1 Yellow,Tech,,,FALSE,FALSE,FALSE,5,100
03053 - B,VOLT Evolution 4FT - Tuff 4 in 1 Blue,Tech,,,FALSE,FALSE,FALSE,5,100
03053 - G,VOLT Evolution 4FT - Tuff 4 in 1 Green,Tech,,,FALSE,FALSE,FALSE,5,100
03053 - R,VOLT Evolution 4FT - Tuff 4 in 1 Red,Tech,,,FALSE,FALSE,FALSE,5,100
03053 - Y,VOLT Evolution 4FT - Tuff 4 in 1 Yellow,Tech,,,FALSE,FALSE,FALSE,5,100
03059,VOLT Evolution 10FT - All in One,Tech,,,FALSE,FALSE,FALSE,10,100
06406,TECH361 6FT Standard - Type C,Tech,,,FALSE,FALSE,FALSE,24,144
06422,TECH361 6FT Braided - iPhone,Tech,,,FALSE,FALSE,FALSE,12,144
06427,TECH361 6FT Braided - Micro USB,Tech,,,FALSE,FALSE,FALSE,12,144
06449,TECH361 6FT Standard - Micro USB,Tech,,,FALSE,FALSE,FALSE,24,144
06457,TECH361 6FT Standard - iPhone,Tech,,,FALSE,FALSE,FALSE,24,144
06488,TECH361 Car Charger - Double USB (2A),Tech,,,FALSE,FALSE,FALSE,6,144
06493,TECH361 Wall Charger - Double USB (2A),Tech,,,FALSE,FALSE,FALSE,12,144
10100,"BONES - White Rawhide Roll (4""-5"")",Pet,,,FALSE,TRUE,FALSE,10,100
10101,BONES - White Retriever Roll,Pet,,,FALSE,FALSE,FALSE,10,100
10102,BONES - White Rawhide Donut,Pet,,,FALSE,FALSE,FALSE,10,100
10103,BONES - Peanut Butter Retriever Roll,Pet,,,FALSE,FALSE,FALSE,10,100
10104,BONES - Vanilla Retriever Roll,Pet,,,FALSE,FALSE,FALSE,10,100
10105,BONES - Vanilla Knotted,Pet,,,FALSE,TRUE,FALSE,10,100
10106,BONES - Peanut Butter Knotted,Pet,,,FALSE,FALSE,FALSE,10,100
10107,BONES - Peanut Butter Donut,Pet,,,FALSE,FALSE,FALSE,10,100
10108,"BONES - 6"" Beef Trachea",Pet,,,FALSE,FALSE,FALSE,20,200
10109,BONES - Peanut Butter Dog Biscuits,Pet,,,FALSE,FALSE,FALSE,10,100
10110,BONES - Smoke Pork Femur,Pet,,,FALSE,FALSE,FALSE,10,100
10111,BONES - Pig Ear,Pet,,,FALSE,FALSE,FALSE,20,200
10112,"BONES - 6"" Beef Stick",Pet,,,FALSE,FALSE,FALSE,15,150
10113,"BONES - 5-6"" Bully Stick",Pet,,,FALSE,FALSE,FALSE,20,100
10114,"BONES - 12"" Beef Stick",Pet,,,FALSE,FALSE,FALSE,20,120
10115,"BONES - 6"" Bully Chew",Pet,,,FALSE,FALSE,FALSE,15,90
10116,"BONES - 12"" Bully Chew",Pet,,,FALSE,FALSE,FALSE,25,50
10117,BONES - Braided Beef Stick,Pet,,,FALSE,FALSE,FALSE,25,50
10118,BONES - Cow Ear,Pet,,,FALSE,FALSE,FALSE,25,100
10120,Bones Premium Pet Treats Display,Display,,,FALSE,FALSE,FALSE,,
11001,RETRO RATTLERS Sunglasses,Gen Merch,,,FALSE,FALSE,FALSE,,
11020,Sunglasses Design 1,Gen Merch,,,FALSE,TRUE,FALSE,,
11025,Sunglasses Design 2,Gen Merch,,,FALSE,TRUE,FALSE,,
11050,4 Sided Spinning Sunglasses Rack (72pcs) - Display Only,Display,,,FALSE,FALSE,FALSE,,
11051,LUMEX Polarized Sunglasses - Design 1,Gen Merch,,,FALSE,FALSE,FALSE,12,300
11052,LUMEX Polarized Sunglasses - Design 2,Gen Merch,,,FALSE,FALSE,FALSE,12,300
11053,LUMEX Polarized Sunglasses - Design 3,Gen Merch,,,FALSE,FALSE,FALSE,12,300
11054,LUMEX Polarized Sunglasses - Design 4,Gen Merch,,,FALSE,FALSE,FALSE,12,300
11055,LUMEX Polarized Sunglasses - Design 5,Gen Merch,,,FALSE,FALSE,FALSE,12,300
11056,LUMEX Polarized Sunglasses - Design 6,Gen Merch,,,FALSE,FALSE,FALSE,12,300
11057,LUMEX Polarized Sunglasses - Design 7,Gen Merch,,,FALSE,FALSE,FALSE,12,300
11058,LUMEX Polarized Sunglasses - Design 8,Gen Merch,,,FALSE,FALSE,FALSE,12,300
11059,LUMEX Polarized Sunglasses - Design 9,Gen Merch,,,FALSE,FALSE,FALSE,12,300
12001,FANCY FANNYS - Pack,Gen Merch,,,FALSE,FALSE,FALSE,,
12520,ZAKS 57g Traditional Beef Jerky - Original,Meat,,CA,FALSE,FALSE,FALSE,,
12521,ZAKS 57g Traditional Beef Jerky - Teriyaki,Meat,,CA,FALSE,FALSE,FALSE,,
12522,ZAKS 57g Traditional Beef Jerky - Sweet Chili,Meat,,CA,FALSE,FALSE,FALSE,,
12531,ZAKS 57g Premium Beef Jerky - Hot Honey,Meat,,CA,FALSE,FALSE,FALSE,,
12532,ZAKS 57g Premium Beef Jerky - Maple Brown Sugar,Meat,,CA,FALSE,FALSE,FALSE,,
12533,ZAKS 57g Premium Beef Jerky - Lemon Peppered,Meat,,CA,FALSE,FALSE,FALSE,,
12534,ZAKS 57g Premium Beef Jerky - Orange Honey Teriyaki,Meat,,CA,FALSE,FALSE,FALSE,,
12535,ZAKS 57g Premium Beef Jerky - Korean BBQ,Meat,,,FALSE,FALSE,FALSE,,
12560,ZAKS 120g Big Bag Jerky - Original,Meat,,CA,FALSE,FALSE,FALSE,1,35
12561,ZAKS 120g Big Bag Jerky - Teriyaki,Meat,,CA,FALSE,FALSE,FALSE,1,35
12563,ZAKS 120g Big Bag Jerky - Sweet Chili,Meat,,CA,FALSE,FALSE,FALSE,1,35
12564,ZAKS 120g Hot Honey Premium Cuts,Meat,,CA,FALSE,FALSE,FALSE,1,35
12565,ZAKS 120g Maple Brown Sugar Premium Cuts,Meat,,CA,FALSE,FALSE,FALSE,1,35
12566,ZAKS 120g Lemon Peppered Premium Cuts,Meat,,CA,FALSE,FALSE,FALSE,1,35
12567,ZAKS 120g Orange Honey Teriyaki Premium Cuts,Meat,,CA,FALSE,FALSE,FALSE,1,35
12568,ZAKS 120g Premium Beef Jerky - Korean BBQ,Meat,,,FALSE,FALSE,FALSE,1,35
13001,CARDGUARD - Multi Use Phone Wallet,Gen Merch,,,FALSE,FALSE,FALSE,,
13301,SOLAR ECLIPSE GLASSES (3pcs),Gen Merch,,,FALSE,TRUE,FALSE,,
19200,VOLT Designer Tower (80pcs) - Display Only,Display,,,FALSE,FALSE,FALSE,,
19208,VOLT Designer 10FT Spinner Rack,Display,,,FALSE,FALSE,FALSE,,
19208 - SC,Header Sign VOLT FC / Designer CAN (10ft Spinning Rack),Display,,CA,FALSE,FALSE,FALSE,,
19208 - SU,Header Sign VOLT FC / Designer USA (10ft Spinning Rack),Display,,US,FALSE,FALSE,FALSE,,
19910,VOLT 10FT Select - iPhone,Tech,,,FALSE,FALSE,FALSE,10,100
19911,VOLT 10FT Select - Type C,Tech,,,FALSE,FALSE,FALSE,10,100
19912,VOLT 10FT Select - Micro USB,Tech,,,FALSE,FALSE,FALSE,10,100
19913,VOLT 10FT Studio - iPhone,Tech,,,FALSE,FALSE,FALSE,10,100
19914,VOLT 10FT Studio - Type C,Tech,,,FALSE,FALSE,FALSE,10,100
19915,VOLT 10FT Studio - Micro USB,Tech,,,FALSE,FALSE,FALSE,10,100
19916,VOLT 10FT Prime - iPhone,Tech,,,FALSE,FALSE,FALSE,10,100
19917,VOLT 10FT Prime - Type C,Tech,,,FALSE,FALSE,FALSE,10,100
19918,VOLT 10FT Classic - Micro USB,Tech,,,FALSE,FALSE,FALSE,10,100
19919,VOLT 10FT Tough Cord - Triple Charge,Tech,,,FALSE,FALSE,FALSE,10,100
19920,VOLT 10FT Classic MFI - iPhone,Tech,,,FALSE,TRUE,FALSE,,
19921,VOLT 10FT Studio MFI - iPhone,Tech,,,FALSE,TRUE,FALSE,,
19922,VOLT 10FT Select MFI - iPhone,Tech,,,FALSE,TRUE,FALSE,,
20170,ZAKS 100g Landjaeger - Original,Meat,,CA,FALSE,FALSE,FALSE,5,130
20171,ZAKS 100g Landjaeger - Red Hot,Meat,,CA,FALSE,FALSE,FALSE,5,130
20172,ZAKS 100g Landjaeger - Garlic,Meat,,CA,FALSE,FALSE,FALSE,5,130
20175,ZAKS 90g Landjaeger - Original,Meat,,,FALSE,TRUE,FALSE,5,100
20176,ZAKS 90g Landjaeger - Teriyaki,Meat,,,FALSE,TRUE,FALSE,5,100
20177,ZAKS 90g Landjaeger - Hot,Meat,,,FALSE,TRUE,FALSE,5,100
20178,ZAKS 90g Landjaeger - Peppered,Meat,,,FALSE,TRUE,FALSE,5,100
20179,ZAKS 90g Landjaeger - Garlic,Meat,,,FALSE,TRUE,FALSE,5,100
20210,VOLT 4FT Braided - iPhone,Tech,,,FALSE,FALSE,FALSE,10,100
20211,VOLT 4FT Braided - Type C,Tech,,,FALSE,FALSE,FALSE,10,100
20212,VOLT 4FT Braided - Micro USB,Tech,,,FALSE,FALSE,FALSE,10,100
20213,VOLT 9FT XL - iPhone,Tech,,,FALSE,FALSE,FALSE,10,100
20214,VOLT 9FT XL - Type C,Tech,,,FALSE,FALSE,FALSE,10,100
20215,VOLT 9FT XL - Micro USB,Tech,,,FALSE,FALSE,FALSE,10,100
20216,VOLT 4FT Standard - iPhone,Tech,,,FALSE,FALSE,FALSE,10,100
20217,VOLT 4FT Standard - Type C,Tech,,,FALSE,FALSE,FALSE,10,100
20218,VOLT 4FT Standard - Micro USB,Tech,,,FALSE,FALSE,FALSE,10,100
20219,VOLT 4FT Standard - Auxiliary,Tech,,,FALSE,FALSE,FALSE,10,100
20220,VOLT Deluxe Earbuds,Tech,,,FALSE,FALSE,FALSE,10,100
20221,VOLT 4FT Elite Camo - Lightning to USB,Tech,,,FALSE,TRUE,FALSE,10,100
20222,VOLT 4FT Elite Camo - Type C to USB,Tech,,,FALSE,TRUE,FALSE,10,100
20223,VOLT 4FT Elite Camo - Type C Earbuds,Tech,,,FALSE,TRUE,FALSE,10,100
20310,VOLT Evolution Prime 4FT - iPhone,Tech,,,FALSE,FALSE,FALSE,12,120
20311,VOLT Evolution Prime 4FT - Type C,Tech,,,FALSE,FALSE,FALSE,12,120
20312,VOLT Evolution Prime 4FT FC - iPhone,Tech,,,FALSE,FALSE,FALSE,12,120
20313,VOLT Evolution Prime 4FT FC - Type C,Tech,,,FALSE,FALSE,FALSE,12,120
20315,VOLT 10FT Prime - iPhone,Tech,,,FALSE,TRUE,FALSE,10,100
20316,VOLT 10FT Prime - Type C,Tech,,,FALSE,TRUE,FALSE,10,100
20317,VOLT 10FT Delux - iPhone,Tech,,,FALSE,TRUE,FALSE,10,100
20318,VOLT 10FT Delux- Type C,Tech,,,FALSE,TRUE,FALSE,10,100
20319,VOLT Evolution Prime 10FT - Triple Tip,Tech,,,FALSE,TRUE,FALSE,10,100
20325,VOLT Evolution 9FT XL - iPhone,Tech,,,FALSE,TRUE,FALSE,10,120
20326,VOLT Evolution 9FT XL - Type C,Tech,,,FALSE,TRUE,FALSE,10,120
20327,VOLT Evolution 4FT Elite - Type C Earbuds,Tech,,,FALSE,FALSE,FALSE,6,48
20328,VOLT Evolution 4FT - Triple Tip,Tech,,,FALSE,FALSE,FALSE,8,80
20329,VOLT Evolution 4FT Elite - Lightning Earbuds,Tech,,,FALSE,FALSE,FALSE,6,48
20334,VOLT Evolution Earbuds Caddy 6pcs - Display Only,Display,,,FALSE,FALSE,FALSE,,
20500,VOLT 4FT FC MFI - iPhone,Tech,,,FALSE,FALSE,FALSE,10,100
20501,VOLT 4FT FC - iPhone,Tech,,,FALSE,FALSE,FALSE,10,100
20502,VOLT 4FT FC - Type C,Tech,,,FALSE,FALSE,FALSE,10,100
20503,VOLT FC Car Charger,Tech,,,FALSE,FALSE,FALSE,10,100
20504,VOLT FC Wall Charger,Tech,,,FALSE,FALSE,FALSE,10,100
20505,VOLT FC CUL Wall Charger,Tech,,,FALSE,FALSE,FALSE,10,100
20510,VOLT Evolution FC Car Charger 20W (Bulk),Tech,,,FALSE,FALSE,FALSE,25,100
20511,VOLT Evolution FC Wall Charger 20W (Bulk),Tech,,,FALSE,FALSE,FALSE,16,96
20512,VOLT Evolution FC ETL Wall Charger 20W (Bulk),Tech,,,FALSE,FALSE,FALSE,16,96
20513,VOLT Evolution FC ETL Wall Charger 20W (Pkg),Tech,,,FALSE,FALSE,FALSE,1,24
20514,VOLT Evolution FC ETL Wall Charger 30W (Pkg),Tech,,,FALSE,FALSE,FALSE,1,24
20515,VOLT Evolution FC Car Charger 20W (Pkg),Tech,,,FALSE,FALSE,FALSE,1,24
20516,VOLT Evolution FC Car Charger 30W (Pkg),Tech,,,FALSE,FALSE,FALSE,1,24
20610,VOLT Evolution Counter Tower - Display Only,Display,,,FALSE,FALSE,FALSE,,
20615,VOLT Evolution Tuff 4 in 1 Shipper - Display Only,Display,,,FALSE,FALSE,FALSE,,
20620,VOLT 4FT Elite FC - Lightning to Type C,Tech,,,FALSE,FALSE,FALSE,10,100
20621,VOLT 4FT Elite - Type C to Type C,Tech,,,FALSE,FALSE,FALSE,10,100
20622,VOLT 4FT Elite - Lightning Earbuds,Tech,,,FALSE,FALSE,FALSE,10,100
20623,VOLT 4FT Elite - Type C Earbuds,Tech,,,FALSE,FALSE,FALSE,10,100
20624,VOLT 4FT Elite - Lightning to Aux Cord,Tech,,,FALSE,FALSE,FALSE,10,100
20625,VOLT 4FT Elite - Type C to Aux Cord,Tech,,,FALSE,FALSE,FALSE,10,100
20626,VOLT 4FT Elite - Lightning to Aux Adapter,Tech,,,FALSE,FALSE,FALSE,10,100
20627,VOLT 4FT Elite - Type C to Aux Adapter,Tech,,,FALSE,FALSE,FALSE,10,100
20628,VOLT Elite - Twin USB / FC Car Charger,Tech,,,FALSE,FALSE,FALSE,20,100
20629,VOLT Elite - Twin USB / FC Wall Charger,Tech,,,FALSE,FALSE,FALSE,10,100
20630,VOLT Elite Wireless Earbuds,Tech,,,FALSE,FALSE,FALSE,20,20
20631,VOLT 4FT Elite FC MFI - Lightning to Type C,Tech,,,FALSE,TRUE,FALSE,,
20711,4 Sided Floor Display - Display Only,Display,,,FALSE,TRUE,FALSE,,1
20711 - DV,Black Metal Divider Only  (Metal Basket),Display,,,FALSE,FALSE,FALSE,,
20711 - HPB Header,HOT PICKS Bilingual Signage for 4 Sided Rack (Header),Display,,,FALSE,FALSE,FALSE,,
20711 - HPB Side,HOT PICKS Bilingual Signage for 4 Sided Rack (Sides),Display,,,FALSE,FALSE,FALSE,,
20711 - HPE Header,HOT PICKS English Signage for 4 Sided Rack (Header),Display,,,FALSE,FALSE,FALSE,,
20711 - HPE Side,HOT PICKS English Signage for 4 Sided Rack (Sides),Display,,,FALSE,FALSE,FALSE,,
20711 - ND,Black Metal Basket - No Divider (4 Sided / Wing  Display),Display,,,FALSE,FALSE,FALSE,,26
20711 - PH,Black Metal Peg Hook Only  (Peg),Display,,,FALSE,FALSE,FALSE,,
20711 - PL,Plexi L Sign Acrylic (4 Sided / Wing Display),Display,,,FALSE,FALSE,FALSE,,
20711 - PS,Plexi S Sign Acrylic (4 Sided / Wing  Display),Display,,,FALSE,FALSE,FALSE,,
20711 - SH,Black Metal Top Sign Holder,Display,,,FALSE,FALSE,FALSE,,
20711 - ST,Header Sign Cool Tats / Sticker Kraze (4 Sided / Wing Display),Display,,,FALSE,FALSE,FALSE,,
20711 - TS,Side Strip Cool Tats (4 Sided Display),Display,,,FALSE,FALSE,FALSE,,
20711 - V2,4 Sided Spinning Rack Rev.2 - Display Only,Display,,,FALSE,TRUE,FALSE,,
20711 - V3,4 Sided Spinning Rack Rev.3 - Display Only,Display,,,FALSE,FALSE,FALSE,,1
21652,COOL TATS - Full Tat 2PK,Gen Merch,,,FALSE,FALSE,FALSE,20,200
21654,COOL TATS - Half Tat 2PK,Gen Merch,,,FALSE,FALSE,FALSE,20,200
21656,COOL TATS - Small Tat 1PK,Gen Merch,,,FALSE,FALSE,FALSE,20,200
21660,Cool Tats Dual Clip Strip (60pcs) - Kit,Kits,,,FALSE,TRUE,FALSE,,
21661,Cool Tats Counter Display Rack (200pc),Display,,,FALSE,FALSE,FALSE,,
21701,INK EXPRESSION Single Piece,Gen Merch,,,FALSE,TRUE,FALSE,,
223-90020,Die Cast Cars Assortment A,Die Cast Car,,,FALSE,TRUE,FALSE,,
223-90021,Die Cast Cars Assortment B,Die Cast Car,,,FALSE,TRUE,FALSE,,
223-90022,Die Cast Cars Assortment C,Die Cast Car,,,FALSE,TRUE,FALSE,,
223-90023,Die Cast Cars Assortment D,Die Cast Car,,,FALSE,TRUE,FALSE,,
223-90024,Die Cast Cars Assortment E,Die Cast Car,,,FALSE,TRUE,FALSE,,
223-90025,Die Cast Cars Assortment F,Die Cast Car,,,FALSE,TRUE,FALSE,,
223-90026,Die Cast Cars Assortment G,Die Cast Car,,,FALSE,TRUE,FALSE,,
25250,THE BUTCHER 175g Jerky - Original,Meat,AB,CA,FALSE,FALSE,FALSE,1,30
25251,THE BUTCHER 175g Jerky -Teriyaki,Meat,AB,CA,FALSE,FALSE,FALSE,1,30
25252,THE BUTCHER 175g Jerky - Sweet 'N Heat,Meat,AB,CA,FALSE,FALSE,FALSE,1,30
25253,THE BUTCHER 175g Jerky - Smokin' Hickory,Meat,AB,CA,FALSE,FALSE,FALSE,1,30
25254,KOKUM 175g Jerky - Original,Meat,AB,CA,FALSE,FALSE,FALSE,1,30
25255,KOKUM 175g Jerky -Teriyaki,Meat,AB,CA,FALSE,FALSE,FALSE,1,30
25256,KOKUM 175g  Jerky - Smokin' Hickory,Meat,AB,CA,FALSE,FALSE,FALSE,1,30
25257,KOKUM 175g Jerky - Sweet 'N Heat,Meat,AB,CA,FALSE,FALSE,FALSE,1,30
25260,THE BUTCHER 224g Slab Jerky 8pc Bag - Original,Meat,,CA,FALSE,FALSE,FALSE,1,20
25261,THE BUTCHER 224g Slab Jerky 8pc Bag - Teriyaki,Meat,,CA,FALSE,FALSE,FALSE,1,20
25262,THE BUTCHER 224g Slab Jerky 8pc Bag - Sweet Chili,Meat,,,FALSE,TRUE,FALSE,1,30
25266,"THE BUTCHER 50g Meat Sticks 8"" - Landjaeger Original",Meat,,,FALSE,TRUE,FALSE,8,160
25267,"THE BUTCHER 50g Meat Sticks 8"" - Garlic",Meat,,,FALSE,TRUE,FALSE,8,160
25268,"THE BUTCHER 25g Meat Sticks 4"" - Landjaeger Original",Meat,,,FALSE,TRUE,FALSE,8,320
25269,"THE BUTCHER 25g Meat Sticks 4"" - Garlic",Meat,,,FALSE,TRUE,FALSE,8,320
25270,KOKUM 75g Jerky - Original,Meat,AB,CA,FALSE,FALSE,FALSE,1,50
25271,KOKUM 75g Jerky - Teriyaki,Meat,AB,CA,FALSE,FALSE,FALSE,1,50
25272,KOKUM 75g Jerky - Smokin' Hickory,Meat,AB,CA,FALSE,FALSE,FALSE,1,50
25273,KOKUM 75g Jerky - Sweet 'N Heat,Meat,AB,CA,FALSE,FALSE,FALSE,1,50
25301,THE BUTCHER 15g Biltong Jerky - Old Fashion Original,Meat,,,FALSE,TRUE,FALSE,30,
25302,THE BUTCHER 15g Biltong Jerky - Teriyaki,Meat,,,FALSE,TRUE,FALSE,30,
25303,THE BUTCHER 15g Biltong Jerky - Smokin' Hickory,Meat,,,FALSE,TRUE,FALSE,30,
25304,THE BUTCHER 15g Biltong Jerky - Sweet 'N Heat,Meat,,,FALSE,TRUE,FALSE,30,
25305,THE BUTCHER 40g Biltong Jerky - Old Fashion Original,Meat,,,FALSE,TRUE,FALSE,24,
25306,THE BUTCHER 40g Biltong Jerky - Teriyaki,Meat,,,FALSE,TRUE,FALSE,24,
25307,THE BUTCHER 40g Biltong Jerky - Smokin' Hickory,Meat,,,FALSE,TRUE,FALSE,24,
25308,THE BUTCHER 40g Biltong Jerky - Sweet 'N Heat,Meat,,,FALSE,TRUE,FALSE,24,
30224,ZAKS 2.0oz Steak Strips - Original,Meat,,US,FALSE,FALSE,FALSE,,
30225,ZAKS 2.0oz Steak Strips - Peppered,Meat,,US,FALSE,FALSE,FALSE,,
30226,ZAKS 2.0oz Steak Strips - Sweet Chili,Meat,,US,FALSE,FALSE,FALSE,,
30227,ZAKS 2.0oz Steak Strips - Garlic,Meat,,US,FALSE,FALSE,FALSE,,
30246,ZAKS 2.0oz Steak Strips - Teriyaki,Meat,,US,FALSE,FALSE,FALSE,,
30300,VOLT Emergency TT Keychain.,Tech,,,FALSE,FALSE,FALSE,10,100
3050,Display Free Standing Wing Cream,Blades,,,FALSE,TRUE,FALSE,,
30500,VOLT FC Emergency DT Keychain,Tech,,,FALSE,FALSE,FALSE,10,100
30511,Side Panel Strip - VOLT CHARGERS,Display,,,FALSE,TRUE,FALSE,,
30512,Header Card - VOLT KEYCHAIN CHARGERS,Display,,,FALSE,TRUE,FALSE,,
32350,BAGSWAG - Bagtag,Gen Merch,,,FALSE,FALSE,FALSE,5,180
32354,Side Panel Strip - BAGSWAG,Display,,,FALSE,TRUE,FALSE,,
360008,WARP WORM Original Toy,Gen Merch,,,FALSE,TRUE,FALSE,28,
360008-GLGD,WARP WORM Glitter & Glow in Dark Toy,Gen Merch,,,FALSE,TRUE,FALSE,28,
360008-MC,WARP WORM Multi Color Toy,Gen Merch,,,FALSE,TRUE,FALSE,28,
40101,VOLT 10FT Classic FC - iPhone,Tech,,,FALSE,FALSE,FALSE,10,100
40102,VOLT 10FT Classic FC - Type C,Tech,,,FALSE,FALSE,FALSE,10,100
40103,VOLT 10FT Select FC - iPhone,Tech,,,FALSE,FALSE,FALSE,10,100
40104,VOLT 10FT Select FC - Type C,Tech,,,FALSE,FALSE,FALSE,10,100
40105,VOLT 10FT Studio FC - iPhone,Tech,,,FALSE,FALSE,FALSE,10,100
40106,VOLT 10FT Studio FC - Type C,Tech,,,FALSE,FALSE,FALSE,10,100
40107,VOLT 10FT FC - Double Tip,Tech,,,FALSE,FALSE,FALSE,10,100
40110,VOLT 10FT Classic FC MFI - iPhone,Tech,,,FALSE,TRUE,FALSE,,
40111,VOLT 10FT Studio FC MFI - iPhone,Tech,,,FALSE,TRUE,FALSE,,
40112,VOLT 10FT Select FC MFI - iPhone,Tech,,,FALSE,TRUE,FALSE,,
40120,VOLT Evolution Prime 10FT FC - iPhone,Tech,,,FALSE,TRUE,FALSE,10,100
40121,VOLT Evolution Delux 10FT FC - iPhone,Tech,,,FALSE,TRUE,FALSE,10,100
40122,VOLT Evolution Prime 10FT FC - Type C,Tech,,,FALSE,TRUE,FALSE,10,100
40123,VOLT Evolution Delux 10FT FC - Type C,Tech,,,FALSE,TRUE,FALSE,10,100
40124,VOLT Evolution Prime 10FT FC - Double Tip,Tech,,,FALSE,TRUE,FALSE,10,100
410-90020,Die Cast Cars Assortment A - F,Die Cast Car,,,FALSE,TRUE,FALSE,,
410-90021,Die Cast Cars Assortment B,Die Cast Car,,,FALSE,TRUE,FALSE,,
410-90022,Die Cast Cars Assortment C,Die Cast Car,,,FALSE,TRUE,FALSE,,
410-90023,Die Cast Cars Assortment D,Die Cast Car,,,FALSE,TRUE,FALSE,,
410-90024,Die Cast Cars Assortment E,Die Cast Car,,,FALSE,TRUE,FALSE,,
410-90025,Die Cast Cars Assortment F,Die Cast Car,,,FALSE,TRUE,FALSE,,
41102,VOLT 10FT FC/Designer - Spinner Rack - Display Only,Display,,,FALSE,FALSE,FALSE,,
41102 - ACS,Spinner Rack Peg Ring Accessories,Display,,,FALSE,FALSE,FALSE,,
42372,KEYSTEEZ - Keychain,Gen Merch,,,FALSE,FALSE,FALSE,5,500
42376,Side Panel Strip - KEYSTEEZ,Display,,,FALSE,FALSE,FALSE,,
43210,ZAKS 224g Slab Jerky 8pc Bag - Original,Meat,,CA,FALSE,FALSE,FALSE,1,20
43211,ZAKS 224g Slab Jerky 8pc Bag - Teriyaki,Meat,,CA,FALSE,FALSE,FALSE,1,20
43213,ZAKS 224g Slab Jerky 8pc Bag - Sweet Chili,Meat,,CA,FALSE,FALSE,FALSE,1,20
43301,ZAKS 150g Cattle Candy Beef Jerky - Original,Meat,,CA,FALSE,FALSE,FALSE,5,40
43302,ZAKS 150g Cattle Candy Beef Jerky - Teriyaki,Meat,,CA,FALSE,FALSE,FALSE,5,40
43303,ZAKS 150g Cattle Candy Beef Jerky - Peppered,Meat,,CA,FALSE,FALSE,FALSE,5,40
43304,ZAKS 150g Cattle Candy Beef Jerky - Sweet Bourbon,Meat,,CA,FALSE,TRUE,FALSE,,
43305,ZAKS 150g Cattle Candy Beef Jerky - Smoke Pit,Meat,,CA,FALSE,FALSE,FALSE,5,40
43306,ZAKS 150g Cattle Candy Beef Jerky - Honey Habanero,Meat,,CA,FALSE,TRUE,FALSE,,
43307,ZAKS 150g Cattle Candy Beef Jerky - Spicy Hot,Meat,,CA,FALSE,FALSE,FALSE,5,40
43308,ZAKS 150g Cattle Candy Beef Jerky - Maui Sweet Onion,Meat,,CA,FALSE,TRUE,FALSE,,
43309,ZAKS 150g Cattle Candy Beef Jerky - Black Cherry,Meat,,CA,FALSE,FALSE,FALSE,5,40
50320,"STICKER KRAZE - Outdoor Series 1 (3"")",Gen Merch,,,FALSE,FALSE,FALSE,10,2160
50321,"STICKER KRAZE - Trendy Series 1 (3"")",Gen Merch,,,FALSE,FALSE,FALSE,10,2160
50322,"STICKER KRAZE - Hologram Series 2 (3"")",Gen Merch,,,FALSE,FALSE,FALSE,10,2160
50323,"STICKER KRAZE - Chrome Series 2 (3"")",Gen Merch,,,FALSE,FALSE,FALSE,10,2160
50324,"STICKER KRAZE - Patriot Series 3 (5"")",Gen Merch,,,FALSE,FALSE,FALSE,10,2160
50325,"STICKER KRAZE - Sayings Series 5  (5"")",Gen Merch,,,FALSE,FALSE,FALSE,10,2160
50326,"STICKER KRAZE - Hologram Series 5 (5"")",Gen Merch,,,FALSE,FALSE,FALSE,10,2160
50327,"STICKER KRAZE - Chrome Series 5 (5"")",Gen Merch,,,FALSE,FALSE,FALSE,10,2160
50339,Side Panel Strip - STICKER KRAZE,Display,,,FALSE,TRUE,FALSE,,
50341,Side Panel Strip - Die Cast Cars,Display,,,FALSE,TRUE,FALSE,,
50343,Header Card - Die Cast Cars,Display,,,FALSE,TRUE,FALSE,,
50555,VOLT Designer CUL Certified Wall Charger,Tech,,,FALSE,FALSE,FALSE,10,100
50556,VOLT Designer Wall Charger - Double USB,Tech,,,FALSE,FALSE,FALSE,10,100
50557,VOLT Designer Car Charger - Double USB,Tech,,,FALSE,FALSE,FALSE,10,100
50560,VOLT Evolution FC Car Charger 30W (Bulk),Tech,,,FALSE,FALSE,FALSE,25,100
50561,VOLT Evolution FC Wall Charger 30W (Bulk),Tech,,,FALSE,FALSE,FALSE,16,96
50562,VOLT Evolution FC ETL Wall Charger 30W (Bulk),Tech,,,FALSE,FALSE,FALSE,16,96
50701,Power Bank A,Tech,,,FALSE,TRUE,FALSE,,
50702,Power Bank B,Tech,,,FALSE,TRUE,FALSE,,
50703,Power Bank C,Tech,,,FALSE,TRUE,FALSE,,
50704,Power Bank D,Tech,,,FALSE,TRUE,FALSE,,
50708,Real IPX-7 Water Proof Bluetooth Speaker - 1200mAh,Tech,,,FALSE,TRUE,FALSE,,
50709,IPX-7 Water Proof Bluetooth Speaker - 2000mAh,Tech,,,FALSE,TRUE,FALSE,,
51301,STICKER KRAZE - Bamboo Series,Gen Merch,,,FALSE,FALSE,FALSE,10,2160
51728,Rocket Scent - Air Freshener,Gen Merch,,,FALSE,TRUE,FALSE,,
52000,CHEEKY MONKEY 96pc Gummy and Sour Candy Cones - Display Only,Display,,,FALSE,FALSE,FALSE,,
52001,"CHEEKY MONKEY - 7oz / 200g Gummy Candy Cones (11"")",Candy,,,FALSE,FALSE,FALSE,12,48
52002,"CHEEKY MONKEY - 7oz / 200g Sour Candy Cones (11"")",Candy,,,FALSE,FALSE,FALSE,12,48
52501,CHEEKY - 2oz/56g Freeze Dried Candy Watermelon,Candy,,,FALSE,FALSE,FALSE,,24
52502,CHEEKY - 2oz/56g Freeze Dried Candy Peaches,Candy,,,FALSE,FALSE,FALSE,,24
52503,CHEEKY - 2.7oz/75g Freeze Dried Candy Fruit Chews,Candy,,,FALSE,FALSE,FALSE,,24
52504,CHEEKY - 2oz/56g Freeze Dried Candy Sour Worms,Candy,,,FALSE,FALSE,FALSE,,24
52505,CHEEKY - 1.4oz/40g Freeze Dried Candy Bears,Candy,,,FALSE,FALSE,FALSE,,24
52506,CHEEKY - 1.8oz/50g Freeze Dried Candy Spicy Strawberry,Candy,,,FALSE,FALSE,FALSE,,24
52507,CHEEKY - 1.4oz/40g Freeze Dried Candy Pineapple,Candy,,,FALSE,FALSE,FALSE,,24
52509,CHEEKY - 2.7oz/75g Freeze Dried Candy Sour Fruit Chews,Candy,,,FALSE,FALSE,FALSE,,24
52550,Cheeky Freeze Dried Candy Spinning Rack,Display,,,FALSE,FALSE,FALSE,,
52601,Poppin' Frogs Candy - 0.60oz / 17g,Candy,,,FALSE,TRUE,FALSE,12,48
52602,Wild Crocs Candy - 0.28oz / 8g,Candy,,,FALSE,TRUE,FALSE,12,144
52603,Party Sharks Candy 0.56oz / 16g,Candy,,,FALSE,TRUE,FALSE,12,48
52604,Sour Rockstar Roll Licker Candy 2.54oz / 75ml,Candy,,,FALSE,FALSE,FALSE,12,96
52605,TNT Sour Stix Candy 1.8oz / 50g,Candy,,,FALSE,FALSE,FALSE,12,144
52606,Squeeze Team Heroes Candy 1.4oz / 40g,Candy,,,FALSE,FALSE,FALSE,12,72
52607,Gorilla Squeeze Duo Slime Sour Candy 2.67oz / 56ml,Candy,,,FALSE,FALSE,FALSE,12,144
54545 - B,THE BUTCHER Hanging Wire Rack - Display Only,Display,,,FALSE,FALSE,FALSE,,10
54545 - Z,ZAKS Hanging Wire Rack - Display Only,Display,,,FALSE,FALSE,FALSE,,10
54545-PH5,"Metal Peg (5"") Hanging Wire Rack",Display,,,FALSE,FALSE,FALSE,,
54550 - B,THE BUTCHER Adjustable Pegboard Rack - Display Only,Display,,,FALSE,FALSE,FALSE,,8.024E+11
54550 - K,KOKUM Adjustable Pegboard Rack - Display Only,Display,AB,CA,FALSE,FALSE,FALSE,,8.024E+11
54550 - SB,Signage Set - THE BUTCHER Adjustable Pegboard Rack,Display,,,FALSE,FALSE,FALSE,,
54550 - SK,Signage Set - KOKUM Adjustable Pegboard Rack,Display,AB,CA,FALSE,FALSE,FALSE,,
54550 - SZ,Signage Set - ZAKS Adjustable Pegboard Rack,Display,,,FALSE,FALSE,FALSE,,
54550 - Z,ZAKS Adjustable Pegboard Rack - Display Only,Display,,,FALSE,FALSE,FALSE,,8.024E+11
60100,CAMPERS - Campfire Sticks,Gen Merch,,,FALSE,FALSE,FALSE,,
62150,THE BUTCHER 5.3oz Landjaeger - Original,Meat,,US,FALSE,FALSE,FALSE,,
62151,THE BUTCHER 5.3oz Landjaeger - Hot,Meat,,US,FALSE,FALSE,FALSE,,
62152,THE BUTCHER 5.3oz - Garlic Stick,Meat,,US,FALSE,FALSE,FALSE,,
62153,THE BUTCHER 5.3oz - Pepper Stick,Meat,,US,FALSE,FALSE,FALSE,,
68240C,Die Cast 1/24 Hummer H3 - Red / Yellow / White,Die Cast Car,,,FALSE,TRUE,FALSE,,
68242C,Die Cast 1/24 Porsche Carrera GT - Red/Silver/Yellow,Die Cast Car,,,FALSE,TRUE,FALSE,,
68243C,Die Cast 1/24 Porsche 918 Spyder - Blue/Grey,Die Cast Car,,,FALSE,TRUE,FALSE,,
68251C,Die Cast 1/24 BMW Z4 GT3 - Black / Blue,Die Cast Car,,,FALSE,TRUE,FALSE,,
68253C,Die Cast 1/24 Lamborghini Gallardo - Purple/Green,Die Cast Car,,,FALSE,TRUE,FALSE,,
68254C,Die Cast 1/24 Lamborghini Aventador Coupe - Blue / Yellow,Die Cast Car,,,FALSE,TRUE,FALSE,,
68255C,Die Cast 1/24 BMW M6 GT3 - White / Silver Blue,Die Cast Car,,,FALSE,TRUE,FALSE,,
68256C,Die Cast 1/24 BMW M4 DTM - White / Yellow,Die Cast Car,,,FALSE,TRUE,FALSE,,
68259C,Die Cast 1/24 Bentley Continental Supersports - White / Grey,Die Cast Car,,,FALSE,TRUE,FALSE,,
68260C,Die Cast 1/24 BMW Z4 GT3 - White,Die Cast Car,,,FALSE,TRUE,FALSE,,
68262C,Die Cast 1/24 Audi R8 LMS - Red / White,Die Cast Car,,,FALSE,TRUE,FALSE,,
68263C,Die Cast 1/26 Range Rover - Orange / Silver Blue,Die Cast Car,,,FALSE,TRUE,FALSE,,
68264C,Die Cast 1/24 Pagani Huayra Roadster - Orange / Blue / Red,Die Cast Car,,,FALSE,TRUE,FALSE,,
68266C,Die Cast 1/24 Bentley Continental GT3 - White / Black,Die Cast Car,,,FALSE,TRUE,FALSE,,
68267C,Die Cast 1/24 Bentley Continental GT3 - Grey,Die Cast Car,,,FALSE,TRUE,FALSE,,
68269A,Die Cast 1/24 Lamborghini SVJ - White / Black,Die Cast Car,,,FALSE,TRUE,FALSE,,
68271A,Die Cast 1/18 Suzuki Jimny - Black / Green / Silver,Die Cast Car,,,FALSE,TRUE,FALSE,,
68274C,Die Cast 1/24 Lamborghini Aventador Roadster - Green / Orange,Die Cast Car,,,FALSE,TRUE,FALSE,,
68276C,Die Cast 1/24 McLaren 765LT - Yellow / Green / Red,Die Cast Car,,,FALSE,TRUE,FALSE,,
68279C,Die Cast 1/24 Lamborghini STO - Blue / Green,Die Cast Car,,,FALSE,TRUE,FALSE,,
68280C,Die Cast 1/24 BMW M4 G82 - White / Yellow,Die Cast Car,,,FALSE,TRUE,FALSE,,
68282A,Die Cast 1/24 BMW M4 GT3 - White,Die Cast Car,,,FALSE,TRUE,FALSE,,
68282C,Die Cast 1/24 BMW M4 GT3 - Yellow / Purple / Green,Die Cast Car,,,FALSE,TRUE,FALSE,,
7.15321E+11,HARDTIMES 1oz Beef Stick - Peppered,Meat,,US,FALSE,FALSE,FALSE,12,144
7.15321E+11,HARDTIMES 1oz Beef Stick - Habanero,Meat,,US,FALSE,FALSE,FALSE,12,144
7.15321E+11,DUSTY'S 1oz Beef Stick - Original,Meat,,US,FALSE,FALSE,FALSE,12,144
7.15321E+11,DUSTY'S 1oz Beef Stick - Peppered,Meat,,US,FALSE,FALSE,FALSE,12,144
7.15321E+11,DUSTY'S 1oz Beef Stick - Habanero,Meat,,US,FALSE,FALSE,FALSE,12,144
7.15321E+11,DUSTY'S 1oz Beef Stick - Bacon,Meat,,US,FALSE,FALSE,FALSE,12,144
7.15321E+11,DUSTY'S 1oz Beef Stick - Teriyaki,Meat,,US,FALSE,FALSE,FALSE,12,144
7.5983E+11,Boomerang Waterproof Speaker,Tech,,,FALSE,TRUE,FALSE,6,4
7.5983E+11,Boomerang Waterproof Speaker,Tech,,,FALSE,TRUE,FALSE,6,4
7.5983E+11,Boomerang Waterproof Speaker,Tech,,,FALSE,TRUE,FALSE,6,4
7.5983E+11,Boom Speaker,Tech,,,FALSE,TRUE,FALSE,3,2
7.5983E+11,Boom Speaker,Tech,,,FALSE,TRUE,FALSE,3,2
7.5983E+11,Boom Speaker,Tech,,,FALSE,TRUE,FALSE,3,2
7.5983E+11,Boom Speaker,Tech,,,FALSE,TRUE,FALSE,3,2
7.86382E+11,HARDTIMES Chew,Meat,,US,FALSE,FALSE,FALSE,1,96
7.86382E+11,DUSTY'S Chew,Meat,,US,FALSE,FALSE,FALSE,1,96
7.86382E+11,HARDTIMES 1oz Beef Stick - Original,Meat,,US,FALSE,FALSE,FALSE,12,144
7.86382E+11,HARDTIMES 1oz Beef Stick - Bacon,Meat,,US,FALSE,FALSE,FALSE,12,144
7.86382E+11,HARDTIMES 1oz Beef Stick - Teriyaki,Meat,,US,FALSE,FALSE,FALSE,12,144
8.50003E+11,Snap Away Ring & Dual Tripod,Tech,,,FALSE,TRUE,FALSE,12,4
8.50003E+11,Snap Away Ring & Charging Cord,Tech,,,FALSE,TRUE,FALSE,24,2
8.50039E+11,DUSTY'S 3oz Beef Jerky - Teriyaki,Meat,,US,FALSE,FALSE,FALSE,12,48
8.50039E+11,DUSTY'S 3oz Beef Jerky - Original,Meat,,US,FALSE,FALSE,FALSE,12,48
8.50039E+11,DUSTY'S 3oz Beef Jerky - Pepper,Meat,,US,FALSE,FALSE,FALSE,12,48
8.50039E+11,DUSTY'S 3oz Beef Jerky - Hot,Meat,,US,FALSE,FALSE,FALSE,12,48
85460,ZAKS 2oz Slab Jerky - Original,Meat,,US,FALSE,TRUE,FALSE,,
85461,ZAKS 2oz Slab Jerky - Teriyaki,Meat,,US,FALSE,TRUE,FALSE,,
85462,ZAKS 2oz Slab Jerky - Sweet Chili,Meat,,US,FALSE,TRUE,FALSE,,
85471,ZAKS 2oz Slab Jerky - Hot Honey,Meat,,US,FALSE,TRUE,FALSE,,
85472,ZAKS 2oz Slab Jerky - Maple Brown Sugar,Meat,,US,FALSE,TRUE,FALSE,,
85473,ZAKS 2oz Slab Jerky - Lemon Peppered,Meat,,US,FALSE,TRUE,FALSE,,
85474,ZAKS 2oz Slab Jerky - Orange Honey Teriyaki,Meat,,US,FALSE,TRUE,FALSE,,
85476,THE BUTCHER 2oz Jerky - Original,Meat,,US,FALSE,TRUE,FALSE,10,150
85477,THE BUTCHER 2oz Jerky - Teriyaki,Meat,,US,FALSE,TRUE,FALSE,10,150
85478,THE BUTCHER 2oz Jerky - Dill,Meat,,US,FALSE,TRUE,FALSE,10,150
85479,THE BUTCHER 2oz Jerky - Lemon Pepper,Meat,,US,FALSE,TRUE,FALSE,10,150
85480,ZAKS 4.2oz Big Bag - Original,Meat,,US,FALSE,FALSE,FALSE,,
85481,ZAKS 4.2oz Big Bag - Teriyaki,Meat,,US,FALSE,FALSE,FALSE,,
85483,ZAKS 4.2oz Big Bag - Sweet Chili,Meat,,US,FALSE,FALSE,FALSE,,
85484,ZAKS 4.2oz Hot Honey Premium Cuts,Meat,,US,FALSE,TRUE,FALSE,1,35
85485,ZAKS 4.2oz Maple Brown Sugar Premium Cuts,Meat,,US,FALSE,TRUE,FALSE,1,35
85486,ZAKS 4.2oz Lemon Peppered Premium Cuts,Meat,,US,FALSE,TRUE,FALSE,1,35
85487,ZAKS 4.2oz Orange Honey Teriyaki Premium Cuts,Meat,,US,FALSE,TRUE,FALSE,1,35
85501,THE BUTCHER 7.9oz Slab Jerky 8pc Bag - Original,Meat,,US,FALSE,TRUE,FALSE,1,30
85502,THE BUTCHER 7.9oz Slab Jerky 8pc Bag - Teriyaki,Meat,,US,FALSE,TRUE,FALSE,1,30
89907,THE BUTCHER 125g Landjaeger - Original,Meat,,CA,FALSE,FALSE,FALSE,5,60
89908,THE BUTCHER 125g Landjaeger - Hot,Meat,,CA,FALSE,FALSE,FALSE,5,60
89909,THE BUTCHER 125g - Garlic Stick,Meat,,CA,FALSE,FALSE,FALSE,5,60
89910,THE BUTCHER 125g - Pepper Stick,Meat,,CA,FALSE,FALSE,FALSE,5,60
91010,DIE CAST CAR Floor Display (264pcs) - Display Only,Display,,,FALSE,TRUE,FALSE,,
91012,DIE CAST CAR Floor Display (432pcs) - Display Only,Display,,,FALSE,FALSE,FALSE,,
91013 - 02,Car Shelf V2,Display,,,FALSE,FALSE,FALSE,,36
91016,DIE CAST CAR Single Sided Wing Rack (96pcs),Display,,,FALSE,FALSE,FALSE,,
91016 - S,Signage Set - DIE CAST CARS Wing Rack,Display,,,FALSE,FALSE,FALSE,,
91016 - S2,Signage Set - DIE CAST CARS Single Rack V2,Display,,,FALSE,FALSE,FALSE,,
91016 - V2,DIE CAST CAR Single Sided Rack V2 (96pcs),Display,,,FALSE,FALSE,FALSE,,
91021,DIE CAST CAR Licensed Cars and Truck,Die Cast Car,,,FALSE,FALSE,FALSE,,24
91022,DIE CAST CAR Truck Mates,Die Cast Car,,,FALSE,FALSE,FALSE,,24
91560,Spinner - Clip Rack,Display,,,FALSE,FALSE,FALSE,,
91560 - SB,Header Sign The Butcher (Clip Strip Display),Display,,,FALSE,FALSE,FALSE,,
91561,THE BUTCHER Acrylic 2 Bin - Display Only,Display,,,FALSE,FALSE,FALSE,,
91562 - B,THE BUTCHER 2 Compartments Slab Jerky Display - Display Only,Display,,,FALSE,FALSE,FALSE,,8.024E+11
91562 - K,KOKUM 2 Compartments Slab Jerky Display - Display Only,Display,AB,CA,FALSE,FALSE,FALSE,,8.024E+11
91562 - Z,ZAKS 2 Compartments Slab Jerky Display - Display Only,Display,,,FALSE,FALSE,FALSE,,8.024E+11
91564,THE BUTCHER Pepperoni Stick Counter Display - Display Only,Display,,,FALSE,FALSE,FALSE,1,25
91610,Cooler Display 110V - Display Only,Display,,CA,FALSE,FALSE,FALSE,,8.024E+11
91611,Cooler Display Rack,Display,,CA,FALSE,FALSE,FALSE,,
91612,10FT Extension Cord (White),Display,,CA,FALSE,FALSE,FALSE,,
91613,3-Outlet Plug with Cord,Display,,CA,FALSE,FALSE,FALSE,,
93001,3D Minis,Gen Merch,,,FALSE,FALSE,FALSE,60,60
93002,3D Creatures,Gen Merch,,,FALSE,FALSE,FALSE,25,25
93030,Charm Buddies,Gen Merch,,,FALSE,FALSE,FALSE,24,72
93031,Charm Buddies 2,Gen Merch,,,FALSE,FALSE,FALSE,24,72
93032,Charm Buddies - Plush Creatures 1,Gen Merch,,,FALSE,FALSE,FALSE,18,216
93033,Charm Buddies - Plush Creatures 2,Gen Merch,,,FALSE,FALSE,FALSE,18,216
93034,Charm Buddies - Plush Bao Bun,Gen Merch,,,FALSE,FALSE,FALSE,18,108
93038,Charm Buddies - 3D Animais,Gen Merch,,,FALSE,FALSE,FALSE,18,216
93039,Charm Buddies - 3D Marine,Gen Merch,,,FALSE,FALSE,FALSE,18,216
93040,Bao Bun Squishy Toy,Gen Merch,,,FALSE,FALSE,FALSE,18,72
93041,Bao Bun Squishy Toy Shipper 72pcs - Display Only,Display,,,FALSE,FALSE,FALSE,,
93042,Charm Buddies - Bubble Tea,Gen Merch,,,FALSE,FALSE,FALSE,18,216
93043,Charm Buddies - Mocha,Gen Merch,,,FALSE,FALSE,FALSE,18,216
93044,Charm Buddies - Ice Cream,Gen Merch,,,FALSE,FALSE,FALSE,18,216
93045,Charm Buddies - Popsicles,Gen Merch,,,FALSE,FALSE,FALSE,18,216
93050 - BK,3 Tier Black Spinner Counter Rack - Display Only,Display,,,FALSE,FALSE,FALSE,,
93050 - WH,3 Tier White Spinner Counter Rack - Display Only,Display,,,FALSE,FALSE,FALSE,,
93051 - AC,Accessories for 5 Tier Spinner Rack (Pole / Header / Base),Display,,,FALSE,FALSE,FALSE,,
93051 - BK,5 Tier Black Spinner Rack - Display Only,Display,,,FALSE,FALSE,FALSE,,
93051 - HS,Header Sign - Charm Buddies Rack,Display,,,FALSE,FALSE,FALSE,,
93051 - PG,12 Peg Metal Ring (5 Tier Spinner Rack),Display,,,FALSE,FALSE,FALSE,,
93051 - WH,5 Tier White Spinner Rack - Display Only,Display,,,FALSE,FALSE,FALSE,,
93060,BOO Bao Bun Squishy Toy,Gen Merch,,,FALSE,FALSE,FALSE,18,72
93070,CHILLY Bao Bun Squishy Toy,Gen Merch,,,FALSE,FALSE,FALSE,18,72
93071,Hacky Sackeez Toy,Gen Merch,,,FALSE,FALSE,FALSE,48,288
93101,3D Minis Caddy 60pcs - Display Only,Display,,,FALSE,FALSE,FALSE,,
93102,3D Creatures Caddy 25pcs - Display Only,Display,,,FALSE,FALSE,FALSE,,
93103,3D Creatures & Minis Shipper 110pcs- Display Only,Display,,,FALSE,FALSE,FALSE,,
98027,TECH361 6FT Braided - Type C,Tech,,,FALSE,FALSE,FALSE,12,144
98102,VOLT Designer Spinner Cap - Cap Only,Display,,,FALSE,FALSE,FALSE,,
98103,CHEEKY - Freeze Dried Candy Monkey Head - Header Only,Display,,,FALSE,FALSE,FALSE,,
98104 - A,CHEEKY - Freeze Dried Monkey CA (3x5) A - Header Only,Display,,,FALSE,FALSE,FALSE,,
98104 - B,CHEEKY - Freeze Dried Monkey CA (3x5) B - Header w/ Stand,Display,,,FALSE,FALSE,FALSE,,
98104 - C,CHEEKY - Freeze Dried Monkey CA (4x5) C - Header Only,Display,,,FALSE,FALSE,FALSE,,
98104 - D,CHEEKY - Freeze Dried Monkey CA (2x5) A - Header Only,Display,,,FALSE,FALSE,FALSE,,
98104 - E,CHEEKY - Freeze Dried Monkey CA (2x5) E - Header w/ Stand,Display,,,FALSE,FALSE,FALSE,,
99001,BEARSPAW 75g Jerky - Nakoda Smoke,Meat,AB,CA,FALSE,FALSE,FALSE,1,50
99002,BEARSPAW 75g Jerky - Old Fashion Original,Meat,AB,CA,FALSE,FALSE,FALSE,1,50
99003,BEARSPAW 75g Jerky - Savory Sweet N' Heat,Meat,AB,CA,FALSE,FALSE,FALSE,1,50
99004,BEARSPAW 75g Jerky - Traditional Teriyaki,Meat,AB,CA,FALSE,FALSE,FALSE,1,50
99011,BEARSPAW 175g Jerky - Nakoda Smoke,Meat,AB,CA,FALSE,FALSE,FALSE,1,30
99012,BEARSPAW 175g Jerky - Old Fashion Original,Meat,AB,CA,FALSE,FALSE,FALSE,1,30
99013,BEARSPAW 175g Jerky - Savory Sweet N' Heat,Meat,AB,CA,FALSE,FALSE,FALSE,1,30
99014,BEARSPAW 175g Jerky - Traditional Teriyaki,Meat,AB,CA,FALSE,FALSE,FALSE,1,30
9.90312E+11,BEARSPAW 75g Jerky - Traditional Teriyaki,Meat,AB,CA,FALSE,FALSE,FALSE,1,50
9.90312E+11,BEARSPAW 175g Jerky - Traditional Teriyaki,Meat,AB,CA,FALSE,FALSE,FALSE,1,30
9.90312E+11,BEARSPAW 75g Jerky - Old Fashion Original,Meat,AB,CA,FALSE,FALSE,FALSE,1,50
9.90312E+11,BEARSPAW 75g Jerky - Nakoda Smoke,Meat,AB,CA,FALSE,FALSE,FALSE,1,50
9.90312E+11,BEARSPAW 75g Jerky - Savory Sweet N' Heat,Meat,AB,CA,FALSE,FALSE,FALSE,1,50
9.90312E+11,BEARSPAW 175g Jerky - Old Fashion Original,Meat,AB,CA,FALSE,FALSE,FALSE,1,30
9.90312E+11,BEARSPAW 175g Jerky - Savory Sweet N' Heat,Meat,AB,CA,FALSE,FALSE,FALSE,1,30
9.90312E+11,BEARSPAW 175g Jerky - Nakoda Smoke,Meat,AB,CA,FALSE,FALSE,FALSE,1,30
Addy,Addy - 2 Pills in Pack,Addy,,,FALSE,TRUE,FALSE,,
AKS001,Knifes:Knife Slot 1,Blades,,,FALSE,TRUE,FALSE,,
AKS002,Knifes:Knife Slot 2,Blades,,,FALSE,TRUE,FALSE,,
AKS003,Knifes:Knife Slot 3,Blades,,,FALSE,TRUE,FALSE,,
AKS004,Knifes:Knife Slot 4,Blades,,,FALSE,TRUE,FALSE,,
AKS005,Knifes:Knife Slot 5,Blades,,,FALSE,TRUE,FALSE,,
AKS006,Knifes:Knife Slot 6,Blades,,,FALSE,TRUE,FALSE,,
AKS007,Knifes:Knife Slot 7,Blades,,,FALSE,TRUE,FALSE,,
AKS008,Knifes:Knife Slot 8,Blades,,,FALSE,TRUE,FALSE,,
AKS009,Knifes:Knife Slot 9,Blades,,,FALSE,TRUE,FALSE,,
AKS010,Knifes:Knife Slot 10,Blades,,,FALSE,TRUE,FALSE,,
AKS011,Knifes:Knife Slot 11,Blades,,,FALSE,TRUE,FALSE,,
AKS012,Knifes:Knife Slot 12,Blades,,,FALSE,TRUE,FALSE,,
AKS013,Knifes:Knife Slot 13,Blades,,,FALSE,TRUE,FALSE,,
AKS014,Knifes:Knife Slot 14,Blades,,,FALSE,TRUE,FALSE,,
AKS015,Knifes:Knife Slot 15,Blades,,,FALSE,TRUE,FALSE,,
AKS016,Knifes:Knife Slot 16,Blades,,,FALSE,TRUE,FALSE,,
AKS017,Knifes:Knife Slot 17,Blades,,,FALSE,TRUE,FALSE,,
CP100000,Classic Large (CP11) Solid Assorted colours,Gen Merch,,CA,FALSE,TRUE,FALSE,48,
CP100009,Classic Mini (CP22) Hexagonal Flint - Solid assorted colors,Gen Merch,,CA,FALSE,TRUE,FALSE,48,
CP100011,Classic Jet Flame (CKJ11) Solid Assorted colors,Gen Merch,,CA,FALSE,TRUE,FALSE,48,
CP100022,Butane Yellow - 300ml,Gen Merch,,CA,FALSE,TRUE,FALSE,12,
CP100023,Butane Yellow - 16ml,Gen Merch,,CA,FALSE,TRUE,FALSE,25,
DBU-50517,ELECTION STICKERS - Democrat Bumper,Gen Merch,,,FALSE,TRUE,FALSE,,
Display 3050,Knife Case 2 Display,Blades,,,FALSE,TRUE,FALSE,,
DLG-50511,ELECTION STICKERS - Democrat Large,Gen Merch,,,FALSE,TRUE,FALSE,,
DM-50512,ELECTION STICKERS - Democrat Medium,Gen Merch,,,FALSE,TRUE,FALSE,,
DS-50515,ELECTION STICKERS - Democrat Small,Gen Merch,,,FALSE,TRUE,FALSE,,
FB001,BLADES: FIXED BLADE 001,Blades,,,FALSE,TRUE,FALSE,,
FB002,BLADES:FIXED BLADE 002,Blades,,,FALSE,TRUE,FALSE,,
FB003,BLADES:FIXED BLADE 003,Blades,,,FALSE,TRUE,FALSE,,
FB004,BLADES:FIXED BLADE 004,Blades,,,FALSE,TRUE,FALSE,,
FB005,BLADES:FIXED BLADE 005,Blades,,,FALSE,TRUE,FALSE,,
FB006,BLADES:FIXED BLADE 006,Blades,,,FALSE,TRUE,FALSE,,
FB007,BLADES:FIXED BLADE 007,Blades,,,FALSE,TRUE,FALSE,,
FB008,BLADES:FIXED BLADE 008,Blades,,,FALSE,TRUE,FALSE,,
FB009,BLADES:FIXED BLADE 009,Blades,,,FALSE,TRUE,FALSE,,
FB010,BLADES:FIXED BLADE 010,Blades,,,FALSE,TRUE,FALSE,,
FB011,BLADES:FIXED BLADE 011,Blades,,,FALSE,TRUE,FALSE,,
Kit - 00890,THE BUTCHER 20g Jerky Chew - Kit,Kits,,CA,FALSE,TRUE,FALSE,,
Kit - 01145,THE BUTCHER Pork Jerky 125g Clip Strip 40 pcs - Kit,Kits,,CA,FALSE,FALSE,FALSE,,
Kit - 03371,VOLT Fast Charge Counter PDQ - Display Kit,Kits,,,FALSE,FALSE,FALSE,,
Kit - 10120,Bones Premium Pet Treats Display Kit,Kits,,,FALSE,TRUE,FALSE,,
Kit - 10125,Bones Premium Pet Treats USA Display (150pcs) - Kit,Kits,,US,FALSE,FALSE,FALSE,,
Kit - 10127,Bones Premium Pet Treats CAN Display (210pcs) - Kit,Kits,,CA,FALSE,FALSE,FALSE,,
Kit - 10128,Bones Premium Pet Treats CAN Display (210pcs) - Kit 2,Kits,,,FALSE,TRUE,FALSE,,
Kit - 10129,Bones Premium Pet Treats CAN Display (210pcs) - Kit 3,Kits,,CA,FALSE,FALSE,FALSE,,
Kit - 11102,RETRO RATTLERS Floor Display (48pcs) - Display Kit,Kits,,,FALSE,FALSE,FALSE,,
Kit - 12002,FANCY FANNYS - Pack Shipper Floor (36pcs) - Display Kit,Kits,,,FALSE,FALSE,FALSE,,
Kit - 13002,Solar Eclipse Display - Kit,Kits,,,FALSE,TRUE,FALSE,,
Kit - 13003,Solar Eclipse Glasses PDQ Display 50pcs - Kit,Kits,,,FALSE,TRUE,FALSE,,
Kit - 13010,CardGuard Count Display 72pcs - Kit,Kits,,,FALSE,TRUE,FALSE,,
Kit - 13012,CardGuard Count Display 36pcs - Kit,Kits,,,FALSE,FALSE,FALSE,,
Kit - 19200,VOLT Designer Tower (80pcs) - Display Kit,Kits,,,FALSE,FALSE,FALSE,,
Kit - 19208,VOLT Designer 10FT Spinner Rack - Kit,Kits,,,FALSE,FALSE,FALSE,,
Kit - 20507,VOLT FC Counter Tower (56pcs) - Display Kit,Kits,,,FALSE,FALSE,FALSE,,
Kit - 20508,VOLT FC FLC Style - Counter (56pcs) - Display Kit,Kits,,,FALSE,FALSE,FALSE,,
Kit - 20556,VOLT Elite Wireless Earbuds PDQ (20pcs) - Display Kit,Kits,,,FALSE,FALSE,FALSE,,
Kit - 20603,VOLT Elite V3 Tower Display 74pc -Kit,Kits,,,FALSE,FALSE,FALSE,,
Kit - 20611,VOLT Evolution Counter Tower (224pcs) - Display Kit 1,Kits,,,FALSE,TRUE,FALSE,,
Kit - 20612,VOLT Evolution Counter Tower (184pcs) - Display Kit 2,Kits,,,FALSE,FALSE,FALSE,,
Kit - 20613,VOLT Evolution Counter Tower ETL (184pcs) - Display Kit 3,Kits,,,FALSE,FALSE,FALSE,,
Kit - 20616,VOLT Evolution Tuff 4-in-1 Shipper (92pcs) - Display Kit 1,Kits,,,FALSE,FALSE,FALSE,,
Kit - 20617,VOLT Evolution Tuff 4-in-1 Shipper (132pcs) - Display Kit 2,Kits,,,FALSE,TRUE,FALSE,,
Kit - 20711Gro,Hot Picks 4 Sided Display - Assortment 1,,,,FALSE,FALSE,FALSE,,
Kit - 20711Tru1,4 Sided Spinning Rack Kit Assortment 2,,,,FALSE,FALSE,FALSE,,
Kit - 20711Tru2,4 Sided Spinning Rack Kit Assortment 3,,,,FALSE,FALSE,FALSE,,
Kit - 21653,COOL TATS Shipper (120pcs) - Display Kit,Kits,,,FALSE,FALSE,FALSE,,
Kit - 21661,Cool Tats Counter Display Rack (200pcs) - Kit,Kits,,,FALSE,FALSE,FALSE,,
Kit - 25265,THE BUTCHER 224g Slab Jerky Counter Display (64pcs) - Kit,Kits,,,FALSE,FALSE,FALSE,,
Kit - 30301,VOLT Emergency TT Keychain - Kit,Kits,,,FALSE,FALSE,FALSE,,
Kit - 30501,VOLT FC Emergency DT Keychain - Kit,Kits,,,FALSE,FALSE,FALSE,,
Kit - 32351,Bag Swag - Counter Display (30pc) - Kit,Kits,,,FALSE,FALSE,FALSE,,
Kit - 41100,Fast Charge Transition (60pcs) - Kit,Kits,,,FALSE,FALSE,FALSE,,
Kit - 41101 Transition (80pcs),Kit - 41101 Transition (80pcs),Kits,,,FALSE,FALSE,FALSE,,
Kit - 41102,VOLT 10FT FC/Designer - Spinner Rack (120pcs) - Display Kit,Kits,,,FALSE,FALSE,FALSE,,
Kit - 41102C,VOLT 10FT FC/Prime - Spinner Rack (120pcs) - Display Kit,Kits,,,FALSE,FALSE,FALSE,,
Kit - 42371,KEYSTEEZ - Counter (40pcs) - Display Kit,Kits,,,FALSE,FALSE,FALSE,,
Kit - 43215,ZAKS 224g Slab Jerky Counter Display (64pcs) - Kit,Kits,,,FALSE,FALSE,FALSE,,
Kit - 50220,STICKER KRAZE - Series 1 - Counter (200pcs) - Display Kit,Kits,,,FALSE,TRUE,FALSE,,
Kit - 50221,STICKER KRAZE - Series 2 - Counter (200pcs) - Display Kit,Kits,,,FALSE,TRUE,FALSE,,
Kit - 50222,STICKER KRAZE - Series 3 - Counter (140pcs) - Display Kit,Kits,,,FALSE,TRUE,FALSE,,
Kit - 50223,STICKER KRAZE - Series 4 - Counter (140pcs) - Display Kit,Kits,,,FALSE,TRUE,FALSE,,
Kit - 50230,STICKER KRAZE Shipper Kit 360pcs,Kits,,,FALSE,FALSE,FALSE,,
Kit - 50231,STICKER KRAZE Refill Kit 1 - 360pcs,Kits,,,FALSE,FALSE,FALSE,,
Kit - 50232,STICKER KRAZE Bamboo Shipper Kit 360pcs,Kits,,,FALSE,FALSE,FALSE,,
Kit - 50233,STICKER KRAZE Bamboo Refill Kit 360pcs,Kits,,,FALSE,FALSE,FALSE,,
Kit - 50510,Election Stickers Shipper (160pcs) Display Kit,Kits,,,FALSE,TRUE,FALSE,,
Kit - 51305,Sticker Kraze Bamboo Counter Display - Kit,Kits,,,FALSE,TRUE,FALSE,,
Kit - 52000,CHEEKY MONKEY 96pc Gummy and Sour Candy Cones - Display Kit,Kits,,,FALSE,FALSE,FALSE,,
Kit - 52550,Cheeky Freeze Dried Candy Spinning Rack - Kit,Kits,,,FALSE,FALSE,FALSE,,
Kit - 52551,Cheeky Freeze Dried Candy 3 Flavors USA - Kit 1,Kits,,,FALSE,TRUE,FALSE,,
Kit - 52552,Cheeky Freeze Dried Candy 3 Flavors USA - Kit 2,Kits,,,FALSE,TRUE,FALSE,,
Kit - 52553,Cheeky Freeze Dried Candy 3 Flavors CAN - Kit 1,Kits,,,FALSE,TRUE,FALSE,,
Kit - 52554,Cheeky Freeze Dried Candy 3 Flavors CAN- Kit 2,Kits,,,FALSE,TRUE,FALSE,,
Kit - 52650,Novelty Candy 4 Caddy Pack - 48pcs,Kits,,,FALSE,FALSE,FALSE,,
Kit - 52654,Sour Rockstar Roll Licker Candy 12pcs - Caddy,Kits,,,FALSE,FALSE,FALSE,,
Kit - 52655,TNT Sour Stix Candy 12pcs - Caddy,Kits,,,FALSE,FALSE,FALSE,,
Kit - 52656,Squeeze Team Heroes Candy 12pcs - Caddy,Kits,,,FALSE,FALSE,FALSE,,
Kit - 52657,Gorilla Squeeze Duo Slime Sour Candy 12pcs - Caddy,Kits,,,FALSE,FALSE,FALSE,,
Kit - 54543,ZAKS 224g Slab Jerky Counter (64pcs) - PA Kit,Kits,,,FALSE,FALSE,FALSE,,
Kit - 54547,ZAKS Premium Traditional Beef Jerky 120g Shipper 96pcs - Kit,Kits,,CA,FALSE,FALSE,FALSE,,
Kit - 54548,THE BUTCHER Pork Jerky 90g Shipper Display 80 pcs - Kit,Kits,,CA,FALSE,FALSE,FALSE,,
Kit - 54549,KOKUM Beef Jerky 90g Shipper Display 80 pcs - Kit,Kits,AB,CA,FALSE,FALSE,FALSE,,
Kit - 54551,THE BUTCHER Beef Jerky 90g Shipper Display 80 pcs - Kit,Kits,,CA,FALSE,FALSE,FALSE,,
Kit - 60102,CAMPERS - Campfire Sticks Shipper (55pcs) - Display Kit,Kits,,,FALSE,FALSE,FALSE,,
Kit - 71815,TECH361 Counter Tower (48pcs) - Kit Display,Kits,,,FALSE,FALSE,FALSE,,
Kit - 72200,VOLT Velocity Counter Tower (80pcs) - Kit,Kits,,,FALSE,FALSE,FALSE,,
Kit - 91010,DIE CAST CAR Floor Display (264pcs) - Display Kit,Kits,,,FALSE,FALSE,FALSE,,
Kit - 91012,DIE CAST CAR Floor Display (432pcs) - Display Kit,Kits,,,FALSE,FALSE,FALSE,,
Kit - 91016,DIE CAST CAR Single Sided Wing Rack (96pcs) - Kit,Kits,,,FALSE,FALSE,FALSE,,
Kit - 91017,DIE CAST CAR Truck Mates Bin (144pcs) - Kit,Kits,,,FALSE,FALSE,FALSE,,
Kit - 91561,THE BUTCHER Acrylic 2 Bin (50pcs) - Kit,Kits,,,FALSE,FALSE,FALSE,,
Kit - 93041,Bao Bun Squishy Toy Shipper 72pcs - Display Kit,Kits,,,FALSE,FALSE,FALSE,,
Kit - 93100,3D Creatures & Minis (110pcs) - Display Kit,Kits,,,FALSE,FALSE,FALSE,,
Kit - 93101,3D Minis (60pcs) - Caddy Kit,Kits,,,FALSE,FALSE,FALSE,,
Kit - 93102,3D Creatures (25pcs) - Caddy Kit,Kits,,,FALSE,FALSE,FALSE,,
Kit - 93105,Charm Buddies (72pcs) - Display Kit,Kits,,,FALSE,FALSE,FALSE,,
Kit - 93140,Bao Bun Squishy Toy Caddy 18pcs - Display Kit,Kits,,,FALSE,FALSE,FALSE,,
Kit - Double Double,Cheeky Monkey Double Double Promo,,,,FALSE,TRUE,FALSE,,
Kit - Spinner FD,Kit - Spinner Rack for Freeze Dried,Display,,,FALSE,FALSE,FALSE,,
Kit - THE BUTCHER Clip Rack,THE BUTCHER Clip Rack Display 5.3oz (60pcs) - Kit,Kits,,US,FALSE,FALSE,FALSE,,
RBU-50527,ELECTION STICKERS - Republican Bumper,Gen Merch,,,FALSE,TRUE,FALSE,,
RLG-50521,ELECTION STICKERS - Republican Large,Gen Merch,,,FALSE,TRUE,FALSE,,
RM-50522,ELECTION STICKERS - Republican Medium,Gen Merch,,,FALSE,TRUE,FALSE,,
RS-50525,ELECTION STICKERS - Republican Small,Gen Merch,,,FALSE,TRUE,FALSE,,
SPB002,BLADES:SMALL POCKET BLADE 002,Blades,,,FALSE,TRUE,FALSE,,
SPB003,BLADES:SMALL POCKET BLADE 003,Blades,,,FALSE,TRUE,FALSE,,
SPB004,BLADES:SMALL POCKET BLADE 004,Blades,,,FALSE,TRUE,FALSE,,
SPB005,BLADES:SMALL POCKET BLADE 005,Blades,,,FALSE,TRUE,FALSE,,
SPB006,BLADES:SMALL POCKET BLADE 006,Blades,,,FALSE,TRUE,FALSE,,
SPB007,BLADES:SMALL POCKET BLADE 007,Blades,,,FALSE,TRUE,FALSE,,
SPB008,BLADES:SMALL POCKET BLADE 008,Blades,,,FALSE,TRUE,FALSE,,
SPB010,BLADES:SMALL POCKET BLADE 010,Blades,,,FALSE,TRUE,FALSE,,
SPB011,BLADES:SMALL POCKET BLADE 011,Blades,,,FALSE,TRUE,FALSE,,
SPB012,BLADES:SMALL POCKET BLADE 012,Blades,,,FALSE,TRUE,FALSE,,
SPB013,BLADES:SMALL POCKET BLADE 013,Blades,,,FALSE,TRUE,FALSE,,
SPB014,BLADES:SMALL POCKET BLADE 014,Blades,,,FALSE,TRUE,FALSE,,
SPB015,BLADES:SMALL POCKET BLADE 015,Blades,,,FALSE,TRUE,FALSE,,
SPB016,BLADES:SMALL POCKET BLADE 016,Blades,,,FALSE,TRUE,FALSE,,
SPB017,BLADES:SMALL POCKET BLADE 017,Blades,,,FALSE,TRUE,FALSE,,
ZZ101001,Zig Zag White Papers Kutcorner,Gen Merch,,,FALSE,FALSE,FALSE,,
ZZ101002,Zig Zag Blue Papers,Gen Merch,,CA,FALSE,TRUE,FALSE,,
ZZ101003,Zig Zag Green Papers,Gen Merch,,CA,FALSE,TRUE,FALSE,,
ZZ101004,Zig Zag Ultra Thin Papers Single Wide,Gen Merch,,CA,FALSE,TRUE,FALSE,,
ZZ101010,Zig Zag Unbleached 1 1/4 Papers,Gen Merch,,CA,FALSE,TRUE,FALSE,,
ZZ101012,Pre-Rolled Cones - Zig Zag Unbleached 1 1/4 Papers,Gen Merch,,CA,FALSE,TRUE,FALSE,,
ZZ101087,Pre-Rolled Cones - Zig Zag White 1 1/4 Papers,Gen Merch,,CA,FALSE,TRUE,FALSE,,
